predictor_date,forecast_date,station,observed_exceedance,predicted_probability,predicted_class,observed_pm25,predicted_pm25,observed_elevated_hours,predicted_elevated_hours,pm25_mean,humidity_mean,temperature_mean,wind_speed_mean,wind_dir_sin_mean,wind_dir_cos_mean,fire_count_0_25km,fire_count_25_50km,fire_count_50_100km,fire_count_100_200km,fire_count_200_500km,fire_count_0_500km,frp_sum_0_500km,nearest_fire_km
2023-12-31,2024-01-01,Palmerston,0,0.0043359392459088,0,4.4437500000000005,4.654906420177815,,,3.917142857142857,75.47916666666667,30.21708333333333,2.6533333333333333,-0.4815006872435532,0.5561371820911675,0.0,0.0,0.0,0.0,319.0,319.0,2058.87,284.3581086999928
2023-12-31,2024-01-01,Stokes Hill,0,0.0052684947968701,0,5.582916666666667,5.761805681988978,0.0,0.0455218230952988,6.4775,71.65166666666666,31.92625,2.69125,-0.2107022340154246,0.9715546662503772,0.0,0.0,0.0,0.0,315.0,315.0,2045.11,286.0050598191442
2024-01-01,2024-01-02,Palmerston,0,0.0079997972582469,0,3.59125,5.176233535910669,,,6.256086956521739,76.575,30.701666666666668,3.48875,-0.6799287695886665,0.2437643510410939,0.0,1.0,15.0,1.0,280.0,297.0,2931.14,26.898181590666145
2024-01-01,2024-01-02,Stokes Hill,0,0.007765755788754,0,5.912916666666667,5.361993864964762,0.0,0.1426126811792093,7.864583333333333,75.67916666666666,32.05416666666667,2.22125,-0.2832545036681479,0.8237214346294284,0.0,1.0,12.0,4.0,242.0,259.0,2710.32,38.83190750712446
2024-01-02,2024-01-03,Palmerston,0,0.0125299669010167,0,4.02375,4.133811533296873,0.0,0.1808706531012218,5.2719047619047625,73.72083333333333,28.075416666666666,2.2391666666666667,0.2030160761172783,-0.1991779878568362,0.0,1.0,11.0,3.0,328.0,343.0,2746.08,26.866971701720026
2024-01-02,2024-01-03,Stokes Hill,0,0.0090247300514493,0,5.9725,4.360726981902228,0.0,0.1579762277889071,5.582916666666667,69.69083333333333,30.539583333333336,2.179583333333333,0.0319670292423023,-0.0787530544197567,0.0,1.0,8.0,6.0,299.0,314.0,2431.59,38.78254237145017
2024-01-03,2024-01-04,Palmerston,0,0.00357241975617,0,4.264583333333333,4.8246761577953,,,3.59125,79.60000000000001,27.25791666666667,1.8043478260869563,-0.0989607717727848,-0.1324830756537865,0.0,0.0,0.0,0.0,171.0,171.0,1635.06,336.8175657765304
2024-01-03,2024-01-04,Stokes Hill,0,0.0033225288892235,0,6.597916666666666,5.175804989080492,0.0,0.0293509592773268,5.912916666666667,78.95041666666667,28.85833333333333,1.97875,-0.0635132401886896,-0.3349017608837981,0.0,0.0,0.0,0.0,155.0,155.0,1516.42,348.48876058941744
2024-01-03,2024-01-04,Winnellie,0,0.0116390557012487,0,6.271249999999999,5.9755788283209625,0.0,0.0723811474098685,,,,,,,0.0,0.0,0.0,0.0,147.0,147.0,1465.81,344.39547289088625
2024-01-04,2024-01-05,Palmerston,0,0.0111012369106989,0,3.5108333333333337,4.457003665787624,,,4.223478260869565,73.46666666666667,28.53708333333333,1.8983333333333332,0.251876915558874,-0.2337290112303413,0.0,1.0,0.0,22.0,100.0,123.0,1155.67,27.24898379582719
2024-01-04,2024-01-05,Stokes Hill,0,0.0089415605847528,0,5.820833333333333,5.159542430983036,0.0,0.1417145267701031,5.9725,71.24374999999999,30.739166666666662,3.1991666666666667,-0.0726456460237942,-0.391634225672028,0.0,1.0,0.0,22.0,100.0,123.0,1155.67,39.34724547120232
2024-01-04,2024-01-05,Winnellie,0,0.0148066045668153,0,4.482916666666667,5.45126914233762,0.0,0.1823049335912586,6.080416666666667,70.29166666666667,30.105,5.641249999999999,-0.120661443559485,-0.1285779387442821,0.0,1.0,0.0,22.0,92.0,115.0,1108.16,36.76999623888983
2024-01-05,2024-01-06,Palmerston,0,0.0076873861162358,0,6.19625,3.981942140926837,0.0,0.132854998465366,5.002857142857143,81.02083333333333,27.80958333333333,2.0791304347826087,-0.173234231662032,-0.1767016995151446,1.0,0.0,0.0,7.0,51.0,59.0,507.55,22.508791283505087
2024-01-05,2024-01-06,Stokes Hill,0,0.0064724781760578,0,5.403333333333333,5.000306603999901,0.0,0.1267432318977665,6.597916666666666,78.00875,29.829166666666666,2.335833333333333,-0.2751879726904914,0.0712872707593521,0.0,1.0,0.0,7.0,51.0,59.0,507.55,33.55726714168131
2024-01-05,2024-01-06,Winnellie,0,0.0105075794961765,0,3.3662499999999995,4.605279901712988,0.0,0.1504278023765097,6.271249999999999,75.96249999999999,29.512916666666666,4.995833333333333,-0.299007847424472,-0.0209579601530578,0.0,1.0,0.0,7.0,51.0,59.0,507.55,33.56274420957815
2024-01-06,2024-01-07,Palmerston,0,0.0048242465059321,0,3.874166666666667,1.8563005845714624,,,3.5108333333333337,77.17916666666666,29.396666666666665,2.7433333333333336,-0.3243010399928919,0.514006872244599,0.0,0.0,0.0,60.0,43.0,103.0,585.8,117.38577202890832
2024-01-06,2024-01-07,Stokes Hill,0,0.0048861176734727,0,4.405,4.359181165385456,0.0,0.0799834577915504,5.820833333333333,74.03916666666667,31.4075,2.1979166666666665,-0.3233290812943449,0.9147168069582724,0.0,0.0,0.0,60.0,29.0,89.0,438.85,129.32309578133666
2024-01-06,2024-01-07,Winnellie,0,0.0061283216089197,0,3.21375,3.5073795098832683,0.0,0.0721210637476963,4.482916666666667,72.025,30.87708333333333,7.148333333333333,-0.8152503862557583,0.4608143005959098,0.0,0.0,0.0,60.0,29.0,89.0,438.85,125.81758199426224
2024-01-07,2024-01-08,Palmerston,0,0.0049878026697581,0,1.2625,4.05183098604828,,,8.73157894736842,81.125,27.82041666666667,1.9675,0.2903947160999905,-0.2368256300804727,0.0,0.0,0.0,0.0,39.0,39.0,296.74,317.73675380135035
2024-01-07,2024-01-08,Stokes Hill,0,0.0027760307159003,0,3.1333333333333333,3.4485454933412747,0.0,0.0284267652262836,5.403333333333333,79.44541666666667,29.710416666666664,1.8483333333333332,-0.239845705886743,-0.0989414380186916,0.0,0.0,0.0,0.0,19.0,19.0,110.85,327.1949933715095
2024-01-07,2024-01-08,Winnellie,0,0.0036290552903363,0,2.2970833333333336,3.2864674260974587,,,3.3662499999999995,79.29166666666667,29.008333333333336,4.679583333333333,-0.1744432484428326,-0.0174894364486071,0.0,0.0,0.0,0.0,20.0,20.0,115.98,328.6882861202673
2024-01-08,2024-01-09,Stokes Hill,0,0.0034275443918367,0,3.8504166666666655,2.1524149598901694,,,4.405,81.11874999999999,29.56958333333333,2.535833333333333,0.0693295280563049,-0.0470641492938586,0.0,0.0,0.0,5.0,16.0,21.0,121.89,158.1533318849165
2024-01-08,2024-01-09,Winnellie,0,0.0052469954839756,0,1.75,2.295193421038473,,,3.370434782608696,79.71666666666667,29.10458333333333,5.983333333333333,0.116894006410623,0.428583028375289,0.0,0.0,0.0,5.0,17.0,22.0,125.46,156.0136174692951
2024-01-09,2024-01-10,Palmerston,0,0.0053327535391467,0,1.4166666666666667,2.444027237583346,,,,89.43333333333334,26.8225,2.148333333333333,0.3772371789935562,0.410494880090499,0.0,0.0,0.0,0.0,4.0,4.0,19.41,209.01637623378195
2024-01-09,2024-01-10,Stokes Hill,0,0.0017621754891773,0,3.1437500000000003,2.4528037748870144,0.0,0.0341723786820404,3.956190476190476,85.86958333333332,28.192916666666665,2.18125,-0.3184113166270744,0.3070093275652039,0.0,0.0,0.0,0.0,4.0,4.0,19.41,221.13544409039028
2024-01-09,2024-01-10,Winnellie,0,0.0028552333827047,0,,,,,2.5636363636363635,85.53750000000001,27.75125,4.8029166666666665,-0.0389279304081715,0.7359074090990727,0.0,0.0,0.0,0.0,4.0,4.0,19.41,218.33766775589447
2024-01-10,2024-01-11,Palmerston,0,0.0039928423392975,0,1.4370833333333335,1.5054784700741983,,,3.2495,85.82083333333333,27.30125,2.19625,-0.0464142544811969,0.3190991995203917,0.0,0.0,0.0,0.0,0.0,0.0,0.0,
2024-01-10,2024-01-11,Stokes Hill,0,0.0028741174689451,0,4.264583333333333,1.9176432533291423,,,3.8504166666666655,85.36208333333333,28.344583333333333,1.0854166666666667,-0.0738756029535206,0.2137439050625707,0.0,0.0,0.0,0.0,0.0,0.0,0.0,
2024-01-11,2024-01-12,Palmerston,0,0.0023685207935683,0,1.1604166666666669,1.333006267815727,,,2.4911111111111115,94.19166666666666,26.30125,2.1004166666666664,0.0570419887084545,0.5381181155832141,0.0,0.0,0.0,0.0,0.0,0.0,0.0,
2024-01-11,2024-01-12,Stokes Hill,0,0.0023009605219364,0,4.930416666666667,2.2641074402963177,0.0,0.0847937437273263,3.956,88.67708333333333,27.30541666666667,1.6137499999999998,-0.2498221468265538,0.2001723477785991,0.0,0.0,0.0,0.0,0.0,0.0,0.0,
2024-01-12,2024-01-13,Stokes Hill,0,0.002209153206451,0,5.073333333333333,2.916336713717532,,,4.264583333333333,89.09708333333333,27.862916666666667,1.8870833333333328,-0.3863201188380021,0.2435316443953094,0.0,0.0,0.0,0.0,0.0,0.0,0.0,
2024-01-13,2024-01-14,Stokes Hill,0,0.0026286179598134,0,9.59375,3.0762033609990844,0.0,0.0920219904735204,5.21695652173913,87.16125,28.615416666666665,2.1016666666666666,-0.3967565602475063,0.6696275405502217,0.0,0.0,0.0,0.0,0.0,0.0,0.0,
2024-01-14,2024-01-15,Palmerston,0,0.0041736128047702,0,5.23625,2.709097004792133,,,,89.04583333333333,27.3175,6.141249999999999,-0.8439591571616369,0.4765868994321809,0.0,0.0,0.0,0.0,0.0,0.0,0.0,
2024-01-14,2024-01-15,Stokes Hill,0,0.0023773936901078,0,13.14125,5.820036352619821,,,5.073333333333333,87.80250000000001,28.044166666666666,1.97,-0.5115994759656838,0.7331081621227137,0.0,0.0,0.0,0.0,0.0,0.0,0.0,
2024-01-15,2024-01-16,Palmerston,0,0.0030409779572603,0,4.847619047619047,3.917056762727955,0.0,0.0962378219240951,4.392380952380952,82.70416666666667,28.147916666666664,9.137916666666667,-0.9111276082388212,0.4011508565803692,0.0,0.0,0.0,0.0,0.0,0.0,0.0,
2024-01-15,2024-01-16,Stokes Hill,0,0.0059625534538222,0,11.35875,8.384834080945543,0.0,0.1386004845606668,10.039130434782608,84.02916666666667,28.825833333333332,2.325,-0.3930085136813899,0.9035169762650044,0.0,0.0,0.0,0.0,0.0,0.0,0.0,
2024-01-15,2024-01-16,Winnellie,0,0.0210960925075685,0,7.572916666666667,5.217504956543894,,,,,,,,,0.0,0.0,0.0,0.0,0.0,0.0,0.0,
2024-01-16,2024-01-17,Palmerston,0,0.0033856766015457,0,5.309166666666667,4.504647014249331,,,5.23625,82.2,27.91625,8.852083333333333,-0.9613699276839988,0.1482001780068342,0.0,0.0,0.0,0.0,0.0,0.0,0.0,
2024-01-16,2024-01-17,Stokes Hill,0,0.0097607544753799,0,8.745833333333334,8.09757773100464,0.0,0.1657115588292134,13.14125,81.64125,28.976666666666663,1.1070833333333334,-0.5014259705320069,0.835736798325344,0.0,0.0,0.0,0.0,0.0,0.0,0.0,
2024-01-16,2024-01-17,Winnellie,0,0.005010122381564,0,6.63,5.981237979942216,,,7.080454545454546,81.22083333333333,28.684583333333336,20.605,-0.9805217109221684,0.1669093629243514,0.0,0.0,0.0,0.0,0.0,0.0,0.0,
2024-01-17,2024-01-18,Palmerston,0,0.0044263702819353,0,4.4175,4.711124048331794,0.0,0.0943289376764828,4.847619047619047,77.89166666666667,28.589583333333334,9.04875,-0.9932432252119536,0.0897375866367527,0.0,0.0,0.0,0.0,0.0,0.0,0.0,
2024-01-17,2024-01-18,Stokes Hill,0,0.0087180773400775,0,7.198333333333333,6.324307844239138,0.0,0.1668754803979392,11.35875,77.4675,29.92708333333333,0.7816666666666667,-0.6699747053705315,0.6879279097909644,0.0,0.0,0.0,0.0,0.0,0.0,0.0,
2024-01-17,2024-01-18,Winnellie,0,0.0072874979264833,0,,,0.0,0.1161979087806498,7.960434782608695,77.30833333333334,29.282083333333333,18.93,-0.9948694907576564,0.0658601490815515,0.0,0.0,0.0,0.0,0.0,0.0,0.0,
2024-01-18,2024-01-19,Palmerston,0,0.0045634789482029,0,4.549166666666667,4.026355582030464,0.0,0.097222886706651,5.309166666666667,79.00833333333334,28.4725,8.422500000000001,-0.985399528030558,0.1578934928488378,0.0,0.0,0.0,0.0,0.0,0.0,0.0,
2024-01-18,2024-01-19,Stokes Hill,0,0.0058557611871953,0,6.925833333333333,4.946119459882408,0.0,0.1467069717379271,8.745833333333334,78.51291666666667,29.62375,0.8033333333333333,-0.5776467724940099,0.7720936456733624,0.0,0.0,0.0,0.0,0.0,0.0,0.0,
2024-01-19,2024-01-20,Palmerston,0,0.0036496754681632,0,3.97375,4.305105374161256,0.0,0.0966681781368665,4.4175,79.53750000000001,28.269166666666667,7.67625,-0.9894712857465277,0.1264639756830752,0.0,0.0,0.0,0.0,0.0,0.0,0.0,
2024-01-19,2024-01-20,Stokes Hill,0,0.0045703561378981,0,6.12,4.674807208719994,0.0,0.1253728598963274,7.198333333333333,78.12583333333333,29.665000000000003,0.5895833333333333,-0.6755325971281438,0.654601485859286,0.0,0.0,0.0,0.0,0.0,0.0,0.0,
2024-01-20,2024-01-21,Palmerston,0,0.0041105066667135,0,6.950833333333333,4.11182329384293,0.0,0.087853584577246,4.549166666666667,79.5625,28.4275,7.2775,-0.987376497328574,0.1217140325044418,0.0,0.0,0.0,0.0,0.0,0.0,0.0,
2024-01-20,2024-01-21,Stokes Hill,0,0.0043232997969862,0,8.766250000000001,4.512070047851502,0.0,0.1143672333765944,6.925833333333333,79.12916666666666,29.686666666666667,0.7200000000000001,-0.6783960061795198,0.5940325616279821,0.0,0.0,0.0,0.0,0.0,0.0,0.0,
2024-01-21,2024-01-22,Palmerston,0,0.0043831013133992,0,12.589166666666666,5.102049370366552,,,3.97375,77.09166666666667,28.37208333333333,6.542083333333333,-0.961428218218418,0.2346117158616192,0.0,0.0,0.0,0.0,0.0,0.0,0.0,
2024-01-21,2024-01-22,Stokes Hill,0,0.0045941300373297,0,14.507916666666668,5.284642931688675,0.0,0.1220957179089753,6.12,76.28583333333334,29.79833333333333,1.18,-0.5294423517052692,0.7244779221662293,0.0,0.0,0.0,0.0,0.0,0.0,0.0,
2024-01-22,2024-01-23,Palmerston,0,0.0064728582564013,0,3.901666666666667,9.258261141958483,0.0,0.1070979808833009,8.133809523809523,82.23333333333333,28.0825,5.145416666666667,-0.8777476008781403,0.4564709414016254,0.0,0.0,0.0,0.0,0.0,0.0,0.0,
2024-01-22,2024-01-23,Stokes Hill,0,0.0049974321121079,0,5.589166666666666,9.496508822111489,0.0,0.1233846072427218,8.766250000000001,82.47583333333334,29.255416666666665,1.9904166666666667,-0.509576770835179,0.8316965100183635,0.0,0.0,0.0,0.0,0.0,0.0,0.0,
2024-01-22,2024-01-23,Winnellie,0,0.0210960925075685,0,5.43125,8.301302631328989,0.0,0.3332474551372724,,,,,,,0.0,0.0,0.0,0.0,0.0,0.0,0.0,
2024-01-23,2024-01-24,Palmerston,0,0.0126532644051095,0,3.48375,4.405838590202287,,,12.589166666666666,87.02916666666665,27.4325,3.3520833333333333,-0.6451548483434143,0.4906132468673265,0.0,0.0,0.0,0.0,0.0,0.0,0.0,
2024-01-23,2024-01-24,Stokes Hill,0,0.0116314122142599,0,4.233333333333333,4.6060190892067805,,,14.507916666666668,85.59541666666667,28.74208333333333,2.3654166666666665,-0.5737370085957407,0.5603371049695053,0.0,0.0,0.0,0.0,0.0,0.0,0.0,
2024-01-23,2024-01-24,Winnellie,0,0.012850179384324,0,4.495833333333334,5.059495184874134,0.0,0.1538769324188063,11.959583333333333,85.67916666666667,28.2175,7.834166666666667,-0.7085037957989839,0.3332636038359705,0.0,0.0,0.0,0.0,0.0,0.0,0.0,
2024-01-24,2024-01-25,Palmerston,0,0.0030550984592731,0,2.0921052631578947,2.849168459081274,,,4.465909090909091,94.79583333333332,25.7475,2.8060869565217392,-0.4280449603471626,0.1707437720474353,0.0,0.0,0.0,0.0,0.0,0.0,0.0,
2024-01-24,2024-01-25,Stokes Hill,0,0.0029078294679395,0,5.051666666666667,2.394696323561096,0.0,0.102882731465582,6.191363636363636,91.25583333333331,26.64625,1.4283333333333337,-0.6087606523582891,-0.113185704248892,0.0,0.0,0.0,0.0,0.0,0.0,0.0,
2024-01-24,2024-01-25,Winnellie,0,0.0040349512332267,0,3.814583333333333,3.183553082339156,0.0,0.1085692004575664,5.43125,91.75,26.381666666666664,5.827083333333333,-0.7028295928851502,0.0904070759401766,0.0,0.0,0.0,0.0,0.0,0.0,0.0,
2024-01-25,2024-01-26,Stokes Hill,0,0.0019094397802205,0,4.18125,3.111152733136713,0.0,0.0855933276222361,4.233333333333333,91.07625,26.65958333333333,1.0429166666666667,-0.7527323204253576,0.0570188841639009,0.0,0.0,0.0,0.0,0.0,0.0,0.0,
2024-01-25,2024-01-26,Winnellie,0,0.0030990048358459,0,,,,,4.495833333333334,91.34583333333336,26.277916666666663,10.213333333333331,-0.8365558298584023,-0.0834406567941915,0.0,0.0,0.0,0.0,0.0,0.0,0.0,
2024-01-26,2024-01-27,Stokes Hill,0,0.0025108825694112,0,4.160416666666666,2.424736046076962,0.0,0.089989147257931,5.051666666666667,87.97250000000001,26.934583333333336,1.3979166666666665,-0.7721897985130678,0.0567219317968213,0.0,0.0,0.0,0.0,0.0,0.0,0.0,
2024-01-27,2024-01-28,Stokes Hill,0,0.0008203449915134,0,4.752916666666667,2.448729757920748,,,4.18125,89.0425,27.16375,1.0958333333333334,-0.8210980916151729,-0.1809906009443356,0.0,0.0,0.0,0.0,6.0,6.0,47.5,474.0746289064305
2024-01-28,2024-01-29,Stokes Hill,0,0.0020630792167296,0,4.25125,3.313375169891631,0.0,0.0760653976337864,4.388695652173913,89.875,26.649583333333336,1.4116666666666668,-0.901305790603648,-0.2584826368142852,0.0,0.0,0.0,0.0,0.0,0.0,0.0,
2024-01-29,2024-01-30,Stokes Hill,0,0.0028854641214159,0,4.4975,2.7728598948869463,0.0,0.0868818256600508,4.752916666666667,84.26291666666667,27.96375,1.39,-0.8963026569970824,-0.0735230096774742,0.0,0.0,0.0,0.0,0.0,0.0,0.0,
2024-01-30,2024-01-31,Stokes Hill,0,0.0021526891969999,0,3.7475,3.0379952833572617,0.0,0.0894678366296536,4.25125,91.33083333333332,26.16333333333333,1.7904166666666663,-0.5368430974167272,0.2070065521349186,0.0,0.0,0.0,0.0,0.0,0.0,0.0,
2024-01-30,2024-01-31,Winnellie,0,0.0055962313284593,0,4.317083333333334,3.0223219137917745,,,,91.30833333333334,25.78875,5.4054166666666665,-0.5780035739939986,0.2602320072419997,0.0,0.0,0.0,0.0,0.0,0.0,0.0,
2024-01-31,2024-02-01,Stokes Hill,0,0.0028848032006083,0,7.39125,2.712688600080372,,,4.4975,83.41625,28.723333333333333,2.1079166666666667,-0.700321920271164,0.4136012462113354,0.0,0.0,0.0,0.0,0.0,0.0,0.0,
2024-01-31,2024-02-01,Winnellie,0,0.0044415941720517,0,6.431666666666668,3.471445830590378,0.0,0.1123601285048076,4.661304347826087,82.70833333333333,28.256666666666664,7.975833333333333,-0.9150010769609952,0.2262952769046437,0.0,0.0,0.0,0.0,0.0,0.0,0.0,
2024-02-01,2024-02-02,Stokes Hill,0,0.0043083651020016,0,7.544166666666666,4.64083410335088,0.0,0.1287879771444063,3.920869565217392,79.22083333333333,29.88083333333333,1.57875,-0.7033151534238186,0.4630609362802553,0.0,0.0,0.0,0.0,0.0,0.0,0.0,
2024-02-01,2024-02-02,Winnellie,0,0.0050671396019644,0,6.508333333333333,4.679988866220715,0.0,0.1278659190803973,4.317083333333334,82.91111111111111,28.894736842105264,12.45,-0.9443366711950262,0.3052443922689444,0.0,0.0,0.0,0.0,0.0,0.0,0.0,
2024-02-02,2024-02-03,Stokes Hill,0,0.0040151090475464,0,5.125,5.243861274299981,0.0,0.0443650260808458,7.39125,80.23291666666667,30.047916666666666,1.6133333333333333,-0.647494068287173,0.6958946832672188,0.0,0.0,0.0,0.0,3.0,3.0,16.73,283.9865236217521
2024-02-02,2024-02-03,Winnellie,0,0.0049822311967076,0,,,0.0,0.0394946725429834,6.431666666666668,80.55416666666666,29.383750000000003,10.9925,-0.9750992484824584,0.183980900789573,0.0,0.0,0.0,0.0,3.0,3.0,16.73,284.36065811413
2024-02-03,2024-02-04,Stokes Hill,0,0.0037774862102011,0,5.076666666666667,4.031216677122462,0.0,0.0429000219394743,7.544166666666666,82.6425,29.6475,2.505,-0.5510879131919492,0.7610162695276931,0.0,0.0,0.0,0.0,2.0,2.0,20.290000000000003,305.3748355404029
2024-02-04,2024-02-05,Stokes Hill,0,0.0045336605918444,0,5.8775,3.756753162823825,0.0,0.0961883433860468,5.125,78.00750000000001,30.37625,2.1075,-0.6501456273884325,0.6969823025678252,0.0,0.0,0.0,12.0,1.0,13.0,102.37,124.9378047078205
2024-02-05,2024-02-06,Stokes Hill,0,0.0040323983073951,0,6.065,4.190857176821611,0.0,0.0568975397603973,5.076666666666667,75.41541666666667,30.627916666666668,1.4941666666666666,-0.7986709538741014,0.4005633026437313,0.0,0.0,0.0,0.0,12.0,12.0,83.38,221.6541353555285
2024-02-06,2024-02-07,Palmerston,0,0.0068998708392047,0,1.3975,3.777394304095984,,,,78.86666666666666,28.906666666666663,4.58875,-0.9575929666320536,0.248403536489519,0.0,0.0,0.0,1.0,8.0,9.0,68.28,194.77827854975425
2024-02-06,2024-02-07,Stokes Hill,0,0.0044165349712266,0,3.19125,4.331707927948649,0.0,0.0611871261825818,5.8775,77.01666666666667,30.53625,1.8666666666666665,-0.7676976187041454,0.3859341930826085,0.0,0.0,0.0,0.0,9.0,9.0,68.28,206.63131295608264
2024-02-06,2024-02-07,Winnellie,0,0.0198220095881114,0,2.605909090909091,4.645905619049648,0.0,0.1806138482490539,,,,,,,0.0,0.0,0.0,0.0,9.0,9.0,68.28,202.8841548733377
2024-02-07,2024-02-08,Stokes Hill,0,0.0029168822175177,0,3.932083333333333,3.0394208048481444,,,6.065,78.66833333333334,30.19833333333333,2.438333333333333,-0.6074365462525999,0.2421300300726262,0.0,0.0,0.0,0.0,2.0,2.0,3.6,411.0109286735637
2024-02-07,2024-02-08,Winnellie,0,0.004126825830108,0,3.279583333333333,3.082270102528258,,,5.609166666666667,77.21249999999999,29.60833333333333,9.21875,-0.7980813939558078,0.0798871178713519,0.0,0.0,0.0,0.0,2.0,2.0,3.6,417.3608442191359
2024-02-08,2024-02-09,Palmerston,0,0.0132144234854745,0,2.4175,3.0472902009447225,0.0,0.2131276726681213,,81.59583333333333,27.135,1.960416666666667,-0.1308707799871399,-0.3888777998385792,0.0,1.0,0.0,0.0,0.0,1.0,3.82,26.484902719572982
2024-02-08,2024-02-09,Stokes Hill,0,0.0049296396802473,0,3.0966666666666662,2.9463311858716805,0.0,0.1266622843191768,3.3395652173913044,79.25083333333333,28.437916666666663,2.6008333333333336,-0.2778019039678331,-0.3903577384805392,0.0,1.0,0.0,0.0,0.0,1.0,3.82,37.51164894515207
2024-02-08,2024-02-09,Winnellie,0,0.0074095311128135,0,2.8725,3.114219545118164,0.0,0.1536586464906251,2.7333333333333334,77.02272727272727,28.23,7.01409090909091,-0.3407812807637368,-0.3366017148717671,0.0,1.0,0.0,0.0,0.0,1.0,3.82,37.53687794587279
2024-02-09,2024-02-10,Palmerston,0,0.0065639283006425,0,2.2875,2.998974832737864,0.0,0.2029165736735972,2.9925,85.60000000000001,27.210416666666664,1.86875,0.3164172779870052,0.1355882254279905,0.0,0.0,0.0,0.0,0.0,0.0,0.0,
2024-02-09,2024-02-10,Stokes Hill,0,0.0053215898944259,0,3.1916666666666664,2.4046550419021493,,,3.932083333333333,81.87375,28.9125,3.869583333333333,-0.0507114445221547,-0.159355830705742,0.0,0.0,0.0,0.0,0.0,0.0,0.0,
2024-02-09,2024-02-10,Winnellie,0,0.0085012588162819,0,2.2475,3.0158050450100866,,,3.279583333333333,79.77916666666667,28.5775,6.070833333333333,-0.0524462903535344,0.3716353016843918,0.0,0.0,0.0,0.0,0.0,0.0,0.0,
2024-02-10,2024-02-11,Palmerston,0,0.0049343519382275,0,0.8654166666666666,2.2038871029179514,,,2.4175,83.90416666666667,27.502916666666668,2.905,-0.1230149083171469,0.5103370005840545,0.0,0.0,0.0,0.0,0.0,0.0,0.0,
2024-02-10,2024-02-11,Stokes Hill,0,0.0044899991765972,0,2.0362500000000003,2.0803980325542355,0.0,0.1390015555672004,3.615,82.66125,28.8825,2.3720833333333333,-0.2081081875017241,0.5384071734375985,0.0,0.0,0.0,0.0,0.0,0.0,0.0,
2024-02-10,2024-02-11,Winnellie,0,0.0069333951382532,0,,,,,3.0804347826086955,80.39166666666667,28.752916666666668,6.322500000000001,-0.4490221414152369,0.5732353291698156,0.0,0.0,0.0,0.0,0.0,0.0,0.0,
2024-02-11,2024-02-12,Stokes Hill,0,0.003334434235036,0,5.229166666666667,1.1046856443486588,,,3.1916666666666664,86.89333333333333,28.136666666666667,2.1104166666666666,-0.274139072674095,0.4122676565318683,0.0,0.0,0.0,0.0,0.0,0.0,0.0,
2024-02-12,2024-02-13,Palmerston,0,0.0053107564095455,0,,,,,,96.60833333333332,25.300416666666667,3.51125,-0.400545759327312,0.5396067646458912,0.0,0.0,0.0,0.0,0.0,0.0,0.0,
2024-02-12,2024-02-13,Stokes Hill,0,0.0021078969243145,0,3.652083333333333,2.58665038589102,0.0,0.1042083603320481,2.348095238095238,93.93291666666666,26.0675,1.17375,-0.3206326917691371,0.4621767187116155,0.0,0.0,0.0,0.0,0.0,0.0,0.0,
2024-02-13,2024-02-14,Stokes Hill,0,0.0031181364629038,0,2.61375,2.4712452063057224,,,5.229166666666667,90.28708333333331,27.07166666666667,0.7904166666666667,-0.7097939848281712,0.2197100290217131,0.0,0.0,0.0,0.0,0.0,0.0,0.0,
2024-02-14,2024-02-15,Stokes Hill,0,0.0021102098775165,0,4.87375,1.7292480874176164,,,4.915263157894737,84.82791666666667,27.8275,1.4541666666666666,-0.8030717313650628,-0.0115766819178896,0.0,0.0,0.0,0.0,15.0,15.0,66.22,307.9457781621278
2024-02-15,2024-02-16,Palmerston,0,0.0052188048007177,0,,,,,,82.70416666666667,27.699583333333333,3.604782608695652,-0.7158290148984626,-0.2360187181215297,0.0,0.0,0.0,0.0,8.0,8.0,44.85,315.7209643571673
2024-02-15,2024-02-16,Stokes Hill,0,0.0018230647863102,0,6.7245833333333325,2.961209929503074,0.0,0.0262540711890516,2.866521739130435,81.45083333333334,29.205,1.625,-0.6332955012338722,0.1170775314188799,0.0,0.0,0.0,0.0,8.0,8.0,44.85,318.552105568214
2024-02-16,2024-02-17,Stokes Hill,0,0.0041078967992897,0,6.887083333333333,4.1542572751054445,0.0,0.1202657238632389,4.87375,83.07166666666667,28.8875,1.65125,-0.624615672851237,0.326885113706766,0.0,0.0,0.0,0.0,0.0,0.0,0.0,
2024-02-17,2024-02-18,Stokes Hill,0,0.0028898624013395,0,6.603333333333333,4.825373267087308,0.0,0.0332172098079202,6.7245833333333325,83.17708333333333,30.0,2.87,-0.7018773405981715,0.6326916852396253,0.0,0.0,0.0,0.0,45.0,45.0,186.89,302.8110213300016
2024-02-17,2024-02-18,Winnellie,0,0.0161652356778993,0,4.352727272727273,3.979173429059016,0.0,0.1089488175443982,,,,,,,0.0,0.0,0.0,0.0,45.0,45.0,186.89,308.07869889240186
2024-02-18,2024-02-19,Stokes Hill,0,0.00393502873876,0,6.620833333333334,4.741478689325311,0.0,0.049854116537498,6.887083333333333,81.75875,29.99875,3.1841666666666666,-0.6223558087401145,0.5322345333249522,0.0,0.0,0.0,0.0,1.0,1.0,5.49,247.33380045702685
2024-02-18,2024-02-19,Winnellie,0,0.0040248931698577,0,4.005416666666666,3.670698707366834,,,5.167083333333333,81.80416666666666,29.455,12.38125,-0.8740356668304933,0.344574149663206,0.0,0.0,0.0,0.0,1.0,1.0,5.49,245.5040438418658
2024-02-19,2024-02-20,Palmerston,0,0.0239010092350432,0,7.264583333333333,4.5966377738358135,,,,,,,,,0.0,0.0,0.0,0.0,0.0,0.0,0.0,
2024-02-19,2024-02-20,Stokes Hill,0,0.006370670242248,0,9.026666666666667,4.791347567498506,0.0,0.1627818073477203,6.603333333333333,80.2625,30.407916666666665,3.6208333333333336,-0.5182302664764563,0.8352738572982118,0.0,0.0,0.0,0.0,0.0,0.0,0.0,
2024-02-19,2024-02-20,Winnellie,0,0.0065617785671727,0,7.957777777777778,3.415673379243228,0.0,0.1480348501594308,4.352727272727273,78.36666666666666,29.94833333333333,12.135833333333332,-0.8358420404732781,0.5370183516677223,0.0,0.0,0.0,0.0,0.0,0.0,0.0,
2024-02-20,2024-02-21,Palmerston,0,0.0066294846426043,0,7.346818181818182,6.122070336773123,0.0,0.1672007733149843,4.748095238095239,81.59583333333333,28.361666666666665,3.4137500000000003,-0.4889852438748934,0.7439583769796689,0.0,0.0,0.0,0.0,0.0,0.0,0.0,
2024-02-20,2024-02-21,Stokes Hill,0,0.0066462901971741,0,7.92625,6.485590743392246,0.0,0.1680433232702388,6.620833333333334,80.48875,30.01875,3.859583333333333,-0.3123757602483172,0.9206742903862576,0.0,0.0,0.0,0.0,0.0,0.0,0.0,
2024-02-20,2024-02-21,Winnellie,0,0.006902102391526,0,,,,,4.005416666666666,81.91666666666667,28.789583333333336,7.972916666666666,-0.375295418502943,0.8486829783426425,0.0,0.0,0.0,0.0,0.0,0.0,0.0,
2024-02-21,2024-02-22,Palmerston,0,0.0121268671537859,0,8.266363636363637,6.179236542104395,,,7.264583333333333,81.03333333333333,28.629166666666663,2.678333333333333,-0.0353288461905536,0.8419397426074552,0.0,0.0,0.0,0.0,0.0,0.0,0.0,
2024-02-21,2024-02-22,Stokes Hill,0,0.0107221746911849,0,9.385833333333332,5.859214916762762,0.0,0.2038566535461863,9.026666666666667,79.39291666666666,30.045,2.4858333333333333,-0.2258764847662917,0.9190901953708338,0.0,0.0,0.0,0.0,0.0,0.0,0.0,
2024-02-22,2024-02-23,Palmerston,0,0.0101466335511748,0,4.554166666666666,6.9484436660012765,,,7.346818181818182,83.66666666666667,28.59958333333333,2.8070833333333334,-0.4482088422863025,0.5460441311993798,0.0,0.0,0.0,0.0,0.0,0.0,0.0,
2024-02-22,2024-02-23,Stokes Hill,0,0.0079002371874235,0,7.11625,6.550407923243093,0.0,0.174175692896861,7.92625,79.86958333333332,30.3125,2.8041666666666667,-0.5763115434460756,0.7626447173732495,0.0,0.0,0.0,0.0,0.0,0.0,0.0,
2024-02-22,2024-02-23,Winnellie,0,0.0281583494989449,0,5.735,6.625076497898812,0.0,0.4256707502934164,,,,,,,0.0,0.0,0.0,0.0,0.0,0.0,0.0,
2024-02-23,2024-02-24,Palmerston,0,0.0119220896110412,0,3.19375,4.522210709237731,,,8.266363636363637,79.30833333333334,29.51291666666667,4.1379166666666665,-0.9605163903986268,-0.0076530909290216,0.0,0.0,0.0,0.0,0.0,0.0,0.0,
2024-02-23,2024-02-24,Stokes Hill,0,0.0107557126545828,0,4.698333333333333,4.937521476339027,,,9.385833333333332,76.98166666666667,31.2075,1.752916666666667,-0.7875426078913113,0.250417481044891,0.0,0.0,0.0,0.0,0.0,0.0,0.0,
2024-02-23,2024-02-24,Winnellie,0,0.0147122031699877,0,5.222083333333333,4.867900536457493,0.0,0.1823156274170961,8.654583333333333,76.46249999999999,30.4675,8.240833333333333,-0.9654876009209724,-0.0511718097124549,0.0,0.0,0.0,0.0,0.0,0.0,0.0,
2024-02-24,2024-02-25,Palmerston,0,0.0060566286114775,0,2.270909090909091,3.314808864351723,,,4.986363636363636,82.80416666666666,28.40083333333333,4.1725,-0.8738146545139714,0.12359430851155,0.0,0.0,0.0,0.0,0.0,0.0,0.0,
2024-02-24,2024-02-25,Stokes Hill,0,0.0060287824234239,0,3.92625,3.157264905886481,,,7.439565217391305,80.43583333333333,29.70833333333333,1.7679166666666666,-0.8427442440724598,0.0642747015281735,0.0,0.0,0.0,0.0,0.0,0.0,0.0,
2024-02-24,2024-02-25,Winnellie,0,0.0075988229773128,0,2.1179166666666664,4.055098362186802,0.0,0.1451367901418033,5.735,80.0125,29.210416666666664,9.251666666666669,-0.937674909560594,-0.0057323997229944,0.0,0.0,0.0,0.0,0.0,0.0,0.0,
2024-02-25,2024-02-26,Palmerston,0,0.0034666729775791,0,1.5814285714285714,2.4738444452874493,,,4.113,83.3625,28.024583333333336,2.700416666666667,-0.2685592990562094,-0.3033216585437555,0.0,0.0,0.0,0.0,2.0,2.0,11.9,355.8400605853693
2024-02-25,2024-02-26,Stokes Hill,0,0.0023099842591717,0,2.333333333333333,2.4570209578911424,0.0,0.0241963190379828,4.925652173913043,82.22791666666667,29.27416666666667,2.692083333333333,-0.3921842557693937,-0.413352257930097,0.0,0.0,0.0,0.0,2.0,2.0,11.9,364.07226206825226
2024-02-25,2024-02-26,Winnellie,0,0.0039689828780835,0,2.3790909090909094,2.0617819284902,,,5.222083333333333,82.54583333333333,28.63083333333333,7.47125,-0.5466098517748788,-0.3120757155021251,0.0,0.0,0.0,0.0,2.0,2.0,11.9,366.4512995587887
2024-02-26,2024-02-27,Stokes Hill,0,0.0019874592734874,0,3.752916666666667,1.6062442069976075,,,3.92625,84.98666666666666,28.370416666666667,2.3529166666666668,-0.5731900664651073,0.0705562568509892,0.0,0.0,0.0,0.0,2.0,2.0,12.69,253.0570084183892
2024-02-26,2024-02-27,Winnellie,0,0.0027527303873798,0,2.7329166666666667,2.086797393753153,,,2.258695652173913,86.55,27.79083333333333,4.764583333333333,-0.5060244174432804,0.2176445689780932,0.0,0.0,0.0,0.0,2.0,2.0,12.69,253.5687761878057
2024-02-27,2024-02-28,Palmerston,0,0.0078574453167766,0,2.8800000000000003,2.2097431383171067,,,,86.60416666666667,27.07333333333333,2.802083333333333,-0.4316761813878981,0.499712541343785,0.0,0.0,0.0,0.0,0.0,0.0,0.0,
2024-02-27,2024-02-28,Stokes Hill,0,0.0029420639013171,0,5.363333333333333,2.6325599586794004,0.0,0.1057601070728104,2.935238095238095,84.04041666666667,28.52583333333333,2.387916666666667,-0.4822134538999198,0.4123245467486783,0.0,0.0,0.0,0.0,0.0,0.0,0.0,
2024-02-27,2024-02-28,Winnellie,0,0.0048552230699212,0,4.64,2.721683255120157,0.0,0.1174820735726824,2.6695,83.63478260869564,28.068695652173915,6.67608695652174,-0.6072287582964432,0.5143346833425227,0.0,0.0,0.0,0.0,0.0,0.0,0.0,
2024-02-28,2024-02-29,Palmerston,0,0.0044133179649282,0,3.85875,3.1620252089977043,,,1.8205555555555557,81.55,28.407083333333333,3.1208333333333336,-0.2999753399649698,0.791072578163499,0.0,0.0,0.0,0.0,0.0,0.0,0.0,
2024-02-28,2024-02-29,Stokes Hill,0,0.0043311908175602,0,4.652083333333334,3.982055338693685,0.0,0.1286428543414816,3.752916666666667,79.18124999999999,30.08,3.266666666666667,-0.4128991776925346,0.8640521723138778,0.0,0.0,0.0,0.0,0.0,0.0,0.0,
2024-02-28,2024-02-29,Winnellie,0,0.0062923096537476,0,3.9779166666666654,4.156077334030736,,,2.7329166666666667,78.71666666666667,29.442916666666665,7.665416666666666,-0.5415833452080195,0.7215213365461811,0.0,0.0,0.0,0.0,0.0,0.0,0.0,
2024-02-29,2024-03-01,Palmerston,0,0.003869789495266,0,3.88,4.00731296324198,,,3.2495454545454545,82.2,28.457916666666662,2.76375,0.2480244294296578,0.8189532019130428,0.0,0.0,0.0,0.0,1.0,1.0,3.12,302.7482890403464
2024-02-29,2024-03-01,Stokes Hill,0,0.0035823677806509,0,6.730833333333333,3.5963961521530416,,,5.363333333333333,78.38083333333334,30.21291666666667,3.4008333333333334,-0.2586315579446293,0.9003416666800113,0.0,0.0,0.0,0.0,1.0,1.0,3.12,305.8921927990923
2024-02-29,2024-03-01,Winnellie,0,0.0051746521680149,0,6.042083333333333,3.8921469432890303,,,4.843913043478261,78.49583333333334,29.596666666666668,10.778636363636364,-0.3440965330149833,0.8995084476863645,0.0,0.0,0.0,0.0,1.0,1.0,3.12,310.7070614031379
2024-03-01,2024-03-02,Palmerston,0,0.0081485957922324,0,4.502083333333333,3.886507853547076,,,4.071739130434783,82.96249999999999,28.54083333333333,2.23625,0.0894865071741641,0.691849947305682,0.0,0.0,0.0,0.0,1.0,1.0,6.55,310.01308606696625
2024-03-01,2024-03-02,Stokes Hill,0,0.0057694457541368,0,6.399583333333333,4.462104305596107,0.0,0.0532548541172105,4.867826086956522,77.86541666666666,30.2,2.6558333333333333,-0.4438098386952373,0.396683314555045,0.0,0.0,0.0,0.0,1.0,1.0,6.55,312.69290862607494
2024-03-01,2024-03-02,Winnellie,0,0.0079178143542114,0,5.374583333333334,4.773933524417659,0.0,0.0547355449892982,4.158695652173913,79.10416666666667,29.3775,9.49375,-0.4495730836512189,0.6615784445763364,0.0,0.0,0.0,0.0,1.0,1.0,6.55,317.666807407674
2024-03-02,2024-03-03,Palmerston,0,0.0072108171677852,0,1.8183333333333327,4.037696565864176,0.0,0.0656564310411797,4.054347826086956,86.52499999999999,28.11666666666667,2.155,0.0055935437700672,0.3902577865637087,0.0,0.0,0.0,0.0,1.0,1.0,5.04,288.9048498788273
2024-03-02,2024-03-03,Stokes Hill,0,0.0061154982214998,0,3.2691666666666666,4.573460942493397,,,6.730833333333333,83.54791666666667,29.600416666666664,2.5170833333333333,-0.5444286078022263,0.3374113673140373,0.0,0.0,0.0,0.0,1.0,1.0,5.04,292.3767236502079
2024-03-02,2024-03-03,Winnellie,0,0.0092308929823682,0,,,0.0,0.0615528433381945,6.042083333333333,82.65833333333333,29.125,4.128333333333333,-0.576769856160759,0.7073522027617658,0.0,0.0,0.0,0.0,1.0,1.0,5.04,297.0721772425737
2024-03-03,2024-03-04,Palmerston,0,0.0128171330708818,0,1.8695833333333336,2.664222659703225,,,4.502083333333333,88.77499999999999,27.67875,1.715833333333333,0.0060784101036936,-0.2722060828233881,0.0,0.0,0.0,0.0,0.0,0.0,0.0,
2024-03-03,2024-03-04,Stokes Hill,0,0.0121705463186742,0,2.6741666666666664,3.0013784803074675,0.0,0.2155769779545167,6.687391304347826,83.12458333333333,29.4375,3.0525,-0.4404923450397179,-0.4720960605009837,0.0,0.0,0.0,0.0,0.0,0.0,0.0,
2024-03-04,2024-03-05,Palmerston,0,0.0099687058932029,0,1.3658333333333337,2.5183263339390045,0.0,0.2131730813967408,2.1957142857142857,86.99583333333334,27.535833333333333,1.81875,0.0316103595097154,-0.3447402689322769,0.0,0.0,0.0,0.0,0.0,0.0,0.0,
2024-03-04,2024-03-05,Stokes Hill,0,0.0082347527508998,0,1.6820833333333332,1.9150716456652583,0.0,0.2010080864046891,3.2691666666666666,81.55333333333333,29.18166666666667,3.5395833333333333,-0.2821084693089181,-0.4116220082636617,0.0,0.0,0.0,0.0,0.0,0.0,0.0,
2024-03-05,2024-03-06,Palmerston,0,0.0111755226632142,0,1.0179166666666666,1.6600843117244608,,,1.8695833333333336,84.35833333333333,28.304166666666664,2.0429166666666667,0.2158422562762701,-0.2585874627548702,0.0,0.0,0.0,0.0,0.0,0.0,0.0,
2024-03-05,2024-03-06,Stokes Hill,0,0.0065501087602558,0,1.925,1.1064766860052115,,,2.6741666666666664,82.94458333333334,29.30208333333333,3.785,-0.3310260650473996,-0.3726138575960679,0.0,0.0,0.0,0.0,0.0,0.0,0.0,
2024-03-06,2024-03-07,Palmerston,0,0.0079009677243342,0,0.98375,1.525516199162782,,,1.8657894736842109,94.2625,26.875416666666663,1.415,0.5528776554760312,0.146941242242461,0.0,0.0,0.0,0.0,0.0,0.0,0.0,
2024-03-06,2024-03-07,Stokes Hill,0,0.0058353528471006,0,1.7645833333333334,1.0967237922277435,,,2.113,88.55,28.197916666666668,3.0204166666666663,0.0747118308516033,-0.5882157098861424,0.0,0.0,0.0,0.0,0.0,0.0,0.0,
2024-03-07,2024-03-08,Palmerston,0,0.0073328040124468,0,0.9279166666666666,1.794655388299493,,,1.4783333333333333,95.86666666666667,25.75333333333333,1.5708695652173914,0.5285290813612245,-0.1905269461123101,0.0,0.0,0.0,0.0,0.0,0.0,0.0,
2024-03-07,2024-03-08,Stokes Hill,0,0.005153756637291,0,2.0704166666666666,1.316541002197721,,,2.290952380952381,90.25875,26.83875,2.3583333333333334,-0.0586183854422205,-0.5366910628703067,0.0,0.0,0.0,0.0,0.0,0.0,0.0,
2024-03-07,2024-03-08,Winnellie,0,0.0203373698434914,0,1.7845833333333332,1.6068787030918097,,,,91.3913043478261,26.346521739130434,3.818695652173913,0.2988222101061496,-0.0258421657429132,0.0,0.0,0.0,0.0,0.0,0.0,0.0,
2024-03-08,2024-03-09,Stokes Hill,0,0.0064423419357992,0,,,,,2.3142857142857145,84.0125,28.67375,3.4433333333333334,-0.1477160559892194,-0.4383577175973136,0.0,0.0,0.0,0.0,0.0,0.0,0.0,
2024-03-08,2024-03-09,Winnellie,0,0.0109670276842646,0,1.8158333333333327,1.7541040849276763,,,2.408695652173913,83.70416666666667,28.155833333333334,3.3091666666666666,-0.0897732870919882,-0.1173142195987995,0.0,0.0,0.0,0.0,0.0,0.0,0.0,
2024-03-09,2024-03-10,Palmerston,0,0.0149992539835531,0,0.66125,2.0064805977551856,,,,88.64166666666667,27.835416666666664,1.7620833333333332,-0.2970539719609781,0.0308136799292439,0.0,0.0,0.0,0.0,0.0,0.0,0.0,
2024-03-09,2024-03-10,Winnellie,0,0.0087668072984208,0,0.76125,1.84790381271742,,,2.392105263157895,82.2625,28.9875,3.99625,-0.5455995453237173,0.0078167483386078,0.0,0.0,0.0,0.0,0.0,0.0,0.0,
2024-03-13,2024-03-14,Palmerston,0,0.0179917477013797,0,1.512916666666667,1.5818803837842772,,,,94.32916666666668,26.145416666666662,1.7733333333333334,0.6891615537977359,0.0609522843209135,0.0,0.0,0.0,0.0,0.0,0.0,0.0,
2024-03-14,2024-03-15,Palmerston,0,0.0058338559769552,0,3.268333333333333,1.844642939650244,,,1.582,90.29583333333332,26.59375,3.888333333333333,-0.2995359358933841,-0.5829222892545354,0.0,0.0,0.0,0.0,0.0,0.0,0.0,
2024-03-14,2024-03-15,Stokes Hill,0,0.0254846574788947,0,5.27375,3.045306936911176,0.0,0.5165496211385455,,,,,,,0.0,0.0,0.0,0.0,0.0,0.0,0.0,
2024-03-14,2024-03-15,Winnellie,0,0.0172083119429798,0,5.014736842105263,2.029873258235434,,,,87.6875,27.170416666666668,9.131666666666666,-0.2623332618262844,-0.5717098478717536,0.0,0.0,0.0,0.0,0.0,0.0,0.0,
2024-03-15,2024-03-16,Palmerston,0,0.0049335932704434,0,3.22,3.3809077652753743,,,2.1185,87.175,27.24375,5.87875,-0.9911490331944064,-0.0110529371849905,0.0,0.0,0.0,0.0,0.0,0.0,0.0,
2024-03-15,2024-03-16,Stokes Hill,0,0.0053990449116575,0,6.765833333333333,3.258029703027879,0.0,0.1714062314911855,4.873333333333334,87.39875,27.999166666666667,1.11875,-0.8889869445570096,-0.2373488095317254,0.0,0.0,0.0,0.0,0.0,0.0,0.0,
2024-03-15,2024-03-16,Winnellie,0,0.0063044680181837,0,,,,,3.106521739130435,87.4375,27.535833333333333,11.279583333333331,-0.9857091789326856,-0.0978389059147768,0.0,0.0,0.0,0.0,0.0,0.0,0.0,
2024-03-16,2024-03-17,Palmerston,0,0.0090846757105344,0,3.955833333333333,3.4938863749045748,0.0,0.1623443377594744,3.4113043478260865,80.75416666666666,27.99791666666667,6.024583333333333,-0.9939768381742992,0.0091467741853908,0.0,0.0,0.0,0.0,0.0,0.0,0.0,
2024-03-16,2024-03-17,Stokes Hill,0,0.0077030278959709,0,7.095833333333334,4.52659729631143,0.0,0.1965948253882549,5.27375,81.73625,29.116666666666664,1.2033333333333334,-0.7862316214360857,-0.2927396601994929,0.0,0.0,0.0,0.0,0.0,0.0,0.0,
2024-03-17,2024-03-18,Palmerston,0,0.0088139582940431,0,4.07,3.844923000653366,0.0,0.1607007821691545,3.22,79.675,28.58666666666667,6.429166666666667,-0.9963809973553832,0.0525534889254926,0.0,0.0,0.0,0.0,0.0,0.0,0.0,
2024-03-17,2024-03-18,Stokes Hill,0,0.0106095475049923,0,7.0625,4.810179035140331,0.0,0.1960059792716006,6.765833333333333,78.30166666666666,30.102500000000003,1.1758333333333333,-0.8600048006442883,0.0185077998716069,0.0,0.0,0.0,0.0,0.0,0.0,0.0,
2024-03-18,2024-03-19,Palmerston,0,0.0100807074651057,0,2.4562500000000003,4.552196520862679,0.0,0.1743493452700782,3.955833333333333,78.90833333333333,28.835,6.576666666666667,-0.9942589631824422,0.0785212266260394,0.0,0.0,0.0,0.0,0.0,0.0,0.0,
2024-03-18,2024-03-19,Stokes Hill,0,0.0112820451466287,0,6.31,5.264982970557295,0.0,0.2128233629599858,7.095833333333334,77.39999999999999,30.31625,1.024166666666667,-0.8629280963837803,0.0946245586464919,0.0,0.0,0.0,0.0,0.0,0.0,0.0,
2024-03-18,2024-03-19,Winnellie,0,0.0493033409422179,0,4.860869565217391,5.539564935750553,0.0,0.657584375181518,,,,,,,0.0,0.0,0.0,0.0,0.0,0.0,0.0,
2024-03-19,2024-03-20,Palmerston,0,0.0132581904569757,0,2.7116666666666664,3.217634035163272,,,4.07,73.95,28.816666666666663,6.503333333333334,-0.9919270111776356,0.0287542078353499,0.0,0.0,0.0,0.0,0.0,0.0,0.0,
2024-03-19,2024-03-20,Stokes Hill,0,0.0143989387575007,0,5.60125,4.522739429701659,,,7.0625,72.65791666666667,30.44125,1.13375,-0.8842674624509829,0.0528571135465467,0.0,0.0,0.0,0.0,0.0,0.0,0.0,
2024-03-19,2024-03-20,Winnellie,0,0.0197794731222708,0,,,,,6.270416666666667,71.60416666666667,29.719166666666663,13.22,-0.991836713728982,-0.0386037512057672,0.0,0.0,0.0,0.0,0.0,0.0,0.0,
2024-03-20,2024-03-21,Palmerston,0,0.0089006168200446,0,2.5570833333333334,2.9036592050581067,,,2.764090909090909,78.35416666666667,28.604166666666668,5.455416666666667,-0.9577624082472876,0.2318631942254001,0.0,0.0,0.0,0.0,0.0,0.0,0.0,
2024-03-20,2024-03-21,Stokes Hill,0,0.0101394581260564,0,6.097083333333334,3.5194983243821296,0.0,0.2193989199199435,6.31,77.71565217391304,29.89913043478261,1.5065217391304346,-0.74838341437039,0.5682447860233129,0.0,0.0,0.0,0.0,0.0,0.0,0.0,
2024-03-21,2024-03-22,Palmerston,0,0.0075700115748445,0,4.62,2.8861723821104137,,,2.964090909090909,85.15416666666667,27.679166666666664,4.373333333333333,-0.6688109047257096,0.4428092684124086,0.0,0.0,0.0,0.0,0.0,0.0,0.0,
2024-03-21,2024-03-22,Stokes Hill,0,0.0074847199895572,0,8.873333333333333,3.968555737599032,0.0,0.2028735966758555,5.60125,83.68124999999999,28.90041666666667,2.82875,-0.4428459772669182,0.6742717757021587,0.0,0.0,0.0,0.0,0.0,0.0,0.0,
2024-03-22,2024-03-23,Palmerston,0,0.0074867919869713,0,7.990833333333334,4.391409905217516,0.0,0.2466594738732336,2.670434782608696,92.75,26.295,2.41125,0.1878904333374852,0.7543478503709292,0.0,0.0,0.0,0.0,0.0,0.0,0.0,
2024-03-22,2024-03-23,Stokes Hill,0,0.007822524413786,0,,,,,6.097083333333334,88.59833333333334,27.5825,2.3283333333333336,-0.2612156518756616,0.406860908845719,0.0,0.0,0.0,0.0,0.0,0.0,0.0,
2024-03-23,2024-03-24,Palmerston,0,0.0134464376212737,0,6.7245833333333325,6.766561616939658,0.0,0.2481556643810126,4.62,84.17083333333333,28.008333333333336,2.9095833333333334,-0.1092171726868503,0.765994944900029,0.0,0.0,0.0,0.0,0.0,0.0,0.0,
2024-03-24,2024-03-25,Palmerston,0,0.02293727259697,0,6.3879166666666665,6.338673469749301,,,7.990833333333334,82.82083333333334,28.17625,3.2295833333333337,-0.213563259282204,0.6818066452656688,0.0,0.0,0.0,0.0,0.0,0.0,0.0,
2024-03-25,2024-03-26,Palmerston,0,0.0216528010721113,0,6.090833333333333,5.76591374827383,0.0,0.3089552588437711,7.364545454545455,84.625,27.86791666666667,2.151666666666667,-0.0398002019358323,0.4725926467475643,0.0,0.0,0.0,0.0,0.0,0.0,0.0,
2024-03-26,2024-03-27,Palmerston,0,0.0106088740522015,0,,,0.0,0.0838796390686139,6.3879166666666665,84.30416666666666,28.43166666666667,2.29375,-0.4559673669390063,0.1196488696912127,0.0,0.0,0.0,0.0,24.0,24.0,250.03,250.71065099919176
2024-03-26,2024-03-27,Stokes Hill,0,0.0160414079628683,0,4.56125,6.870218215693469,0.0,0.162900547762269,,,,,,,0.0,0.0,0.0,0.0,24.0,24.0,250.03,261.7619080973649
2024-03-26,2024-03-27,Winnellie,0,0.0313217601077507,0,2.78,5.863092429169894,0.0,0.2074418292713115,,,,,,,0.0,0.0,0.0,0.0,24.0,24.0,250.03,261.697796943723
2024-03-27,2024-03-28,Stokes Hill,0,0.0095300952432699,0,5.16875,4.622195190192285,0.0,0.0434033552523935,9.941666666666666,83.13041666666668,29.250833333333333,1.3104166666666666,-0.3512889463429919,-0.5281061672914137,0.0,0.0,0.0,0.0,37.0,37.0,157.26,417.2800826648096
2024-03-27,2024-03-28,Winnellie,0,0.0113683728308676,0,4.4225,3.739467374351687,,,7.359999999999999,84.98333333333333,28.29583333333333,3.7325,-0.1141668443812008,-0.5045052074133007,0.0,0.0,0.0,0.0,37.0,37.0,157.26,423.3257243822077
2024-03-28,2024-03-29,Stokes Hill,0,0.0059255642664334,0,4.816666666666666,3.598661086399068,0.0,0.0476937230479091,4.56125,78.24791666666667,29.49208333333333,1.5641666666666667,-0.0347835844511523,-0.283084810520479,0.0,0.0,0.0,0.0,5.0,5.0,17.13,395.1917695171116
2024-03-28,2024-03-29,Winnellie,0,0.0081035380555808,0,5.2175,3.765101267372562,,,2.78,77.44583333333334,28.7525,5.118333333333333,-0.0257137397008635,-0.4467898501311413,0.0,0.0,0.0,0.0,5.0,5.0,17.13,401.210172246829
2024-03-29,2024-03-30,Stokes Hill,0,0.004335444390922,0,4.7,3.566383458270926,0.0,0.0320919010413421,5.16875,82.6525,28.985,1.58625,-0.4736852419430189,-0.4543583139303473,0.0,0.0,0.0,0.0,11.0,11.0,69.34,411.3768181069
2024-03-29,2024-03-30,Winnellie,0,0.0079379206729807,0,3.8554166666666654,4.186596198021096,0.0,0.0362086743408759,4.622173913043478,82.12083333333332,28.51875,4.582083333333333,-0.2959506541387417,-0.5525981335331707,0.0,0.0,0.0,0.0,11.0,11.0,69.34,417.2632367871636
2024-03-30,2024-03-31,Stokes Hill,0,0.0098866393433629,0,3.224166666666666,3.3789452504520776,,,4.816666666666666,85.23208333333334,28.857916666666668,1.2766666666666666,-0.1360218652610693,-0.4035043038299057,0.0,0.0,0.0,0.0,0.0,0.0,0.0,
2024-03-30,2024-03-31,Winnellie,0,0.0174341710892016,0,3.64125,3.979087729096073,0.0,0.258975310559524,5.2175,86.74583333333334,28.152916666666663,3.08625,-0.0741941127128853,-0.2971178683727377,0.0,0.0,0.0,0.0,0.0,0.0,0.0,
2024-03-31,2024-04-01,Stokes Hill,0,0.0116182683991211,0,3.794166666666667,3.0872445143299743,,,4.966521739130435,84.59416666666667,28.83375,1.8304166666666664,0.2575346495535499,-0.240743371305684,0.0,0.0,0.0,0.0,0.0,0.0,0.0,
2024-03-31,2024-04-01,Winnellie,0,0.0180152421762225,0,4.18,4.2781991744044126,0.0,0.2991084826105371,3.8554166666666663,84.5625,28.32,5.144166666666667,0.3830732638807651,0.0815396274727356,0.0,0.0,0.0,0.0,0.0,0.0,0.0,
2024-04-01,2024-04-02,Stokes Hill,0,0.0237017291781933,0,5.49625,3.216866541203977,0.0,0.4373758379990756,3.3656521739130434,82.03333333333333,28.57583333333333,1.9183333333333328,0.5900843718847966,-0.4540755717102402,0.0,0.0,0.0,0.0,0.0,0.0,0.0,
2024-04-01,2024-04-02,Winnellie,0,0.0464173331081362,0,4.37375,4.512285032595336,0.0,0.5517432250871751,3.64125,81.25416666666666,28.067083333333333,5.212083333333333,0.7462472396292288,-0.1533031090852225,0.0,0.0,0.0,0.0,0.0,0.0,0.0,
2024-04-02,2024-04-03,Stokes Hill,0,0.00898415397905,0,4.79375,4.674762971407018,0.0,0.0436547163609609,3.794166666666667,82.11041666666667,28.63875,2.2779166666666666,0.3709104968517643,-0.3556816318390552,0.0,0.0,0.0,0.0,3.0,3.0,11.22,490.02481679709774
2024-04-02,2024-04-03,Winnellie,0,0.0186609015605538,0,4.210416666666666,4.8098757469247575,0.0,0.0545397382295103,4.18,81.675,28.180833333333336,6.654583333333334,0.6707438711649805,-0.1397878459914134,0.0,0.0,0.0,0.0,3.0,3.0,11.22,496.345043806367
2024-04-03,2024-04-04,Stokes Hill,0,0.0353683984341082,0,7.867083333333333,4.622150141746603,0.0,0.5217825913054231,5.49625,81.48833333333333,28.99458333333333,2.388333333333333,0.6963237110527861,-0.1075462454385315,0.0,0.0,0.0,0.0,0.0,0.0,0.0,
2024-04-03,2024-04-04,Winnellie,0,0.0477359652322154,0,7.733333333333333,4.840859820742668,0.0,0.5602093613831743,4.37375,81.46249999999999,28.360416666666666,8.505416666666667,0.7375023661803027,0.2190246960554886,0.0,0.0,0.0,0.0,0.0,0.0,0.0,
2024-04-04,2024-04-05,Stokes Hill,0,0.0214943226900965,0,9.002083333333333,6.740947990787227,0.0,0.1697457556408292,4.79375,77.70708333333333,29.777083333333334,2.075833333333333,0.472843629442247,-0.0726378156447256,0.0,0.0,0.0,0.0,23.0,23.0,149.0,250.4555966415767
2024-04-04,2024-04-05,Winnellie,0,0.032887784328323,0,8.33375,7.309541498368647,0.0,0.1877823305857009,4.210416666666666,77.9875,29.037916666666664,6.169583333333333,0.5542036350041041,0.2990756263501122,0.0,0.0,0.0,0.0,23.0,23.0,149.0,250.42563956442143
2024-04-05,2024-04-06,Stokes Hill,0,0.0449442670412826,0,7.795416666666667,8.206980920753617,0.0,0.222165153812686,7.867083333333333,69.50625000000001,29.535833333333333,2.4345833333333333,0.242842476400101,-0.7105569784589401,0.0,0.0,0.0,0.0,9.0,9.0,36.91,241.57752026629893
2024-04-05,2024-04-06,Winnellie,0,0.0815682784582229,0,6.935833333333334,8.48000020484324,0.0,0.2891973383886812,7.733333333333333,71.50833333333334,28.32875,5.74625,0.7737076793501724,-0.3320534228364756,0.0,0.0,0.0,0.0,9.0,9.0,36.91,241.2285082980517
2024-04-06,2024-04-07,Stokes Hill,0,0.0560516420723707,0,7.829999999999999,7.2233200647317055,0.0,0.2770708131937375,9.002083333333333,68.4325,29.835,2.3541666666666665,0.3391137769007907,-0.4442139466531408,0.0,0.0,0.0,0.0,50.0,50.0,140.85,230.78823735601335
2024-04-06,2024-04-07,Winnellie,0,0.0972629853625786,0,7.250833333333333,7.525792237062812,0.0,0.3166141099221981,8.33375,68.14583333333333,28.88,6.4383333333333335,0.6048256108589715,-0.2733183408222188,0.0,0.0,0.0,0.0,33.0,33.0,92.01,230.645438490279
2024-04-07,2024-04-08,Stokes Hill,0,0.0370806211259413,0,8.487916666666667,7.700379927903006,0.0,0.1808840436359599,7.795416666666667,69.32083333333334,29.76333333333333,2.212916666666666,-0.023814221823157,-0.3485463818980368,0.0,0.0,0.0,0.0,152.0,152.0,854.39,267.0263836533547
2024-04-07,2024-04-08,Winnellie,0,0.0671153126136282,0,8.566666666666666,8.125622171743899,0.0,0.2305480970024923,6.935833333333334,68.74166666666666,28.9575,5.937083333333334,0.3794606052597002,-0.214921553238275,0.0,0.0,0.0,0.0,140.0,140.0,807.71,267.0351348475723
2024-04-08,2024-04-09,Stokes Hill,0,0.0720246956043298,0,9.47125,8.46913353596705,0.0,0.5523574380205235,7.829999999999999,61.689166666666665,29.825,2.0079166666666666,0.0188483162980118,-0.367285352359981,0.0,0.0,1.0,4.0,191.0,196.0,1103.78,86.15602367353806
2024-04-08,2024-04-09,Winnellie,0,0.1215882971295389,0,8.984583333333333,9.023360460007384,0.0,0.6182569017746394,7.250833333333333,60.925,28.786666666666665,5.7575,0.0857150343857935,-0.3586691861116007,0.0,0.0,1.0,4.0,189.0,194.0,1081.59,82.2158832157676
2024-04-09,2024-04-10,Stokes Hill,0,0.074367209299092,0,11.271666666666668,9.366156012244774,0.0,0.4935334077031699,8.487916666666667,59.15208333333334,29.824166666666667,1.9491666666666667,-0.0241808502598962,-0.2592479040186202,0.0,0.0,0.0,3.0,132.0,135.0,1193.99,137.90988373358329
2024-04-09,2024-04-10,Winnellie,0,0.1290146665789448,0,10.98375,9.89596593605816,0.0,0.4985549277940186,8.566666666666666,59.99583333333334,28.675,5.983750000000001,-0.0047737024922058,-0.2698900063972062,0.0,0.0,0.0,3.0,88.0,91.0,702.26,137.98302467973582
2024-04-10,2024-04-11,Stokes Hill,0,0.1274010309411742,0,6.280833333333334,10.54034263394152,0.0,0.6210825521129889,9.47125,54.60666666666666,29.35,2.759583333333333,0.0597124530266543,-0.835516825357633,0.0,0.0,0.0,4.0,635.0,639.0,4062.51,137.7101512618483
2024-04-10,2024-04-11,Winnellie,0,0.2041008688961745,0,5.8675,11.413370748336462,0.0,0.7193454560247082,8.984583333333333,56.15416666666667,27.78916666666667,6.838333333333334,0.4907509383442639,-0.6832959109585363,0.0,0.0,0.0,4.0,552.0,556.0,3323.72,137.73549793965236
2024-04-11,2024-04-12,Stokes Hill,0,0.1907773795302814,0,6.334583333333334,6.732522270271234,0.0,0.8057791891290068,11.271666666666668,53.3675,28.58458333333333,2.429583333333333,0.2204826554766186,-0.7787458341046761,0.0,0.0,0.0,2.0,1301.0,1303.0,7942.19,139.27826579773094
2024-04-11,2024-04-12,Winnellie,0,0.3265828825092844,0,6.1575,7.253766556415981,0.0,1.00552044362423,10.98375,52.5375,27.089583333333334,6.861666666666667,0.6215785113243354,-0.5508100769769361,0.0,0.0,0.0,2.0,1199.0,1201.0,7549.84,139.28448265415446
2024-04-12,2024-04-13,Stokes Hill,0,0.0334817027963665,0,6.576666666666667,5.803688536446024,0.0,0.2264422662635282,6.280833333333334,71.42958333333333,28.0125,2.1675,0.2063892993106152,-0.5200683637855694,0.0,0.0,0.0,0.0,697.0,697.0,2317.73,250.3250734532845
2024-04-12,2024-04-13,Winnellie,0,0.0633784802644763,0,5.5183333333333335,6.807804984293727,0.0,0.2682072580298285,5.8675,70.25,27.195833333333336,6.295000000000001,0.4644260115331838,-0.3555964351547563,0.0,0.0,0.0,0.0,651.0,651.0,2167.0,249.7098905003056
2024-04-13,2024-04-14,Stokes Hill,0,0.0447260265582851,0,5.40125,6.221334592245568,0.0,0.3922068035214217,6.334583333333334,74.67208333333333,28.780833333333334,3.3041666666666667,0.788901104117155,-0.4806366787390843,0.0,0.0,0.0,4.0,233.0,237.0,1064.86,140.60770758259184
2024-04-13,2024-04-14,Winnellie,0,0.0864665765274646,0,5.71375,6.486071311668828,0.0,0.5081616482914951,6.1575,70.48333333333333,28.468333333333334,8.366666666666667,0.912917881569922,-0.1142629229736938,0.0,0.0,0.0,4.0,221.0,225.0,1033.26,140.62340656915552
2024-04-14,2024-04-15,Stokes Hill,0,0.0395862649826944,0,6.549047619047619,5.438047627748148,0.0,0.3675737452114267,6.576666666666667,76.21124999999999,28.9125,2.864583333333333,0.7849126305374798,-0.4337390404035297,0.0,0.0,0.0,2.0,201.0,203.0,749.1,152.08695411333068
2024-04-14,2024-04-15,Winnellie,0,0.0758414469854619,0,5.397083333333334,6.475687612658268,0.0,0.4534977668419711,5.5183333333333335,71.99166666666666,28.72125,7.835833333333333,0.9316369128054066,0.0534987733395711,0.0,0.0,0.0,2.0,191.0,193.0,696.08,151.6750786728069
2024-04-15,2024-04-16,Palmerston,0,0.0785757031145617,0,2.277083333333333,5.606129842193716,,,,,,,,,0.0,0.0,5.0,3.0,102.0,110.0,553.18,57.53618980462088
2024-04-15,2024-04-16,Stokes Hill,0,0.038722985364219,0,6.76625,6.1381520996691865,,,5.40125,73.835,29.777083333333334,1.9845833333333331,0.4397547742854823,-0.4397584213860979,0.0,0.0,5.0,3.0,103.0,111.0,557.31,63.30418242873292
2024-04-15,2024-04-16,Winnellie,0,0.0950657060925452,0,4.325833333333333,6.515162652738291,0.0,0.6758462002779291,5.71375,70.08749999999999,29.16625,5.98875,0.7940142745057721,-0.2169518652570219,0.0,0.0,5.0,3.0,101.0,109.0,544.75,66.8569266099441
2024-04-16,2024-04-17,Palmerston,0,0.0774329183686614,0,1.2070833333333335,4.18419031277126,,,3.875,68.25,28.20083333333333,1.9154166666666663,0.7144945014775236,-0.507469985311195,2.0,0.0,3.0,0.0,148.0,153.0,626.21,17.547303327026686
2024-04-16,2024-04-17,Stokes Hill,0,0.052959211792085,0,5.530833333333334,6.42659379892309,0.0,0.5659216708059386,6.549047619047619,68.66,30.435,2.245833333333333,0.0621524705481619,-0.6133468264175255,0.0,2.0,3.0,0.0,152.0,157.0,636.82,29.266293856947637
2024-04-16,2024-04-17,Winnellie,0,0.0958395853566742,0,2.696818181818182,5.9221154084380805,0.0,0.6970053984272652,5.397083333333334,65.45833333333333,30.00916666666667,6.822916666666667,0.2900201106084287,-0.5091683118494664,0.0,2.0,3.0,0.0,142.0,147.0,591.98,28.452706147421317
2024-04-17,2024-04-18,Stokes Hill,0,0.0523602603076563,0,9.1625,5.416153581477493,0.0,0.4083972938338366,6.76625,71.17375,30.09083333333333,3.0666666666666664,0.4971827378791526,-0.5905979693704041,0.0,0.0,0.0,2.0,279.0,281.0,1667.18,127.51750748506193
2024-04-17,2024-04-18,Winnellie,0,0.0752824839289512,0,6.950833333333333,4.416991015997098,,,4.325833333333333,67.28750000000001,29.87625,8.73,0.7541721950627357,-0.1968344375280964,0.0,0.0,0.0,2.0,255.0,257.0,1588.41,128.8969766324757
2024-04-18,2024-04-19,Palmerston,0,0.0657291568076193,0,5.684166666666666,5.796418308499667,,,,75.18333333333334,27.180000000000003,2.4720833333333334,0.8730666839209643,-0.3479988274619261,0.0,0.0,0.0,3.0,95.0,98.0,519.07,192.34015624507057
2024-04-18,2024-04-19,Stokes Hill,0,0.0288864205995551,0,10.7425,7.597104135888605,0.0,0.2221680237452691,5.530833333333334,76.4825,29.146666666666665,3.4745833333333334,0.4501464973998665,-0.8064588333279493,0.0,0.0,0.0,0.0,98.0,98.0,519.07,203.3167912537194
2024-04-18,2024-04-19,Winnellie,0,0.0430418403038205,0,7.600416666666667,6.824831740835037,0.0,0.2601795011378737,2.8433333333333333,71.16666666666667,28.97375,9.847916666666666,0.7990248854086858,-0.5141578771213421,0.0,0.0,0.0,0.0,96.0,96.0,513.31,203.34799040970557
2024-04-19,2024-04-20,Palmerston,0,0.0593061677565348,0,6.279583333333334,7.765039802859095,0.0,0.3958350857937573,5.460434782608695,70.95416666666667,27.804583333333337,1.7533333333333332,0.7335820063417047,-0.4294509227468728,0.0,0.0,0.0,3.0,63.0,66.0,403.59,175.6773934713804
2024-04-19,2024-04-20,Stokes Hill,0,0.0547413098374257,0,8.297500000000001,9.661167950595292,0.0,0.3158942785833935,9.1625,70.96249999999999,30.08375,2.4720833333333334,0.1947965891339932,-0.6638708051096877,0.0,0.0,0.0,3.0,63.0,66.0,403.59,177.7494014577081
2024-04-19,2024-04-20,Winnellie,0,0.0905901499738167,0,7.64375,8.769675558401891,0.0,0.348238429588746,6.950833333333333,66.75,29.6975,7.546250000000001,0.5492145003631059,-0.4253081048221535,0.0,0.0,0.0,3.0,60.0,63.0,399.13,182.87963815082452
2024-04-20,2024-04-21,Palmerston,0,0.1726951886952663,0,4.88375,8.37093699310532,0.0,1.497678501671205,5.684166666666666,55.2,27.07208333333333,2.307916666666667,0.7857743142359092,-0.5739871131245596,2.0,0.0,0.0,15.0,550.0,567.0,4514.43,20.297094183271348
2024-04-20,2024-04-21,Stokes Hill,0,0.173046772354808,0,8.28,8.727725179087464,0.0,1.2722879689084574,10.7425,57.861250000000005,29.4725,3.1358333333333337,0.1925032136180878,-0.9234693126423168,2.0,0.0,0.0,15.0,551.0,568.0,4519.96,10.819557714078716
2024-04-20,2024-04-21,Winnellie,0,0.2565506766989713,0,,,0.0,1.258474535084999,7.600416666666667,51.52916666666667,28.91625,9.167083333333332,0.6173623830964711,-0.714936096643943,2.0,0.0,0.0,15.0,547.0,564.0,4474.29,17.123859551096647
2024-04-21,2024-04-22,Palmerston,0,0.1804581071780142,0,4.7595833333333335,8.002867306830769,0.0,0.9728338125907048,6.279583333333334,49.19583333333333,25.664583333333336,2.17625,0.7833396533268534,-0.5542822070219878,0.0,0.0,0.0,10.0,272.0,282.0,1043.65,121.76967113981624
2024-04-21,2024-04-22,Stokes Hill,0,0.1191338449768496,0,9.942916666666669,8.97640426124371,0.0,0.6225805595024135,8.297500000000001,51.2325,28.29958333333333,3.2929166666666667,0.1665656216345522,-0.9332238638302922,0.0,0.0,0.0,9.0,273.0,282.0,1043.65,126.32221023917434
2024-04-22,2024-04-23,Palmerston,0,0.1477656453293048,0,3.45125,6.022215857542112,0.0,1.3786354652198227,4.88375,53.81666666666666,25.18125,1.8554166666666667,0.6154179493423424,-0.1314558780393973,1.0,1.0,8.0,46.0,284.0,340.0,1470.78,10.434038305843035
2024-04-22,2024-04-23,Stokes Hill,0,0.1120078607586688,0,7.390416666666667,8.573968118719627,0.0,1.0947960978080724,8.28,54.84166666666667,27.606666666666666,2.5908333333333333,0.0970741692391804,-0.3903230913182433,1.0,1.0,8.0,36.0,294.0,340.0,1470.78,20.53560847614067
2024-04-23,2024-04-24,Palmerston,0,0.0749591362396609,0,1.7183333333333335,4.609056202369818,,,4.7595833333333335,68.32916666666667,26.855833333333333,1.6877272727272727,0.3578400312298801,-0.4006159014643018,0.0,0.0,3.0,53.0,781.0,837.0,6200.92,73.17506493727247
2024-04-23,2024-04-24,Stokes Hill,0,0.0778271253669364,0,5.379583333333333,6.571292918185231,0.0,0.6052400574837924,9.942916666666669,68.655,28.915000000000003,1.820833333333333,-0.22328391059228,-0.1494865716353904,0.0,0.0,3.0,25.0,809.0,837.0,6200.92,80.45888641215286
2024-04-24,2024-04-25,Palmerston,0,0.0490073497239055,0,2.7412499999999995,3.982877807914889,,,3.64,77.5625,27.501666666666665,1.7191304347826086,0.6676030868581341,0.074933620303505,0.0,1.0,2.0,23.0,514.0,540.0,5579.41,40.99931385184487
2024-04-24,2024-04-25,Stokes Hill,0,0.0501610607179487,0,5.425833333333333,5.414803244903791,0.0,0.5646555790521872,7.390416666666667,77.53083333333333,29.50125,1.7054166666666666,0.3073021530123813,-0.1399027766314738,0.0,0.0,3.0,18.0,519.0,540.0,5579.41,52.84698715700848
2024-04-24,2024-04-25,Winnellie,0,0.1058382035203014,0,4.4279166666666665,5.590953042353576,0.0,1.0267630051349472,,,,,,,0.0,1.0,2.0,18.0,519.0,540.0,5579.41,49.39586198259406
2024-04-25,2024-04-26,Palmerston,0,0.0570609208800077,0,6.429583333333333,5.0403383027765365,0.0,0.7925357935521015,2.411,73.32083333333334,28.027916666666663,2.267826086956521,0.8432020748952856,0.0975747163982424,1.0,3.0,0.0,49.0,547.0,600.0,4926.21,19.14795956812821
2024-04-25,2024-04-26,Stokes Hill,0,0.0448395500072552,0,9.552916666666668,5.667234454833367,0.0,0.6258602467363108,5.379583333333333,76.59166666666667,29.5725,3.0483333333333333,0.6544898081508056,-0.3018655810362508,0.0,4.0,0.0,42.0,557.0,603.0,4940.41,31.1680908714212
2024-04-25,2024-04-26,Winnellie,0,0.0796229439645518,0,8.422916666666667,6.052539127355439,0.0,0.8278776200479043,4.047083333333333,71.44583333333334,29.599166666666665,8.220416666666667,0.8117528106533909,0.1008667532611347,0.0,4.0,0.0,18.0,578.0,600.0,4926.21,28.42750997366761
2024-04-26,2024-04-27,Palmerston,0,0.0745406436207245,0,8.417916666666667,8.209349062025701,0.0,0.7821617790379138,2.7412499999999995,72.2,27.270416666666662,2.1091666666666664,0.8618500352373885,-0.022145474007997,0.0,0.0,0.0,233.0,1374.0,1607.0,21883.45,106.79655843175156
2024-04-26,2024-04-27,Stokes Hill,0,0.060702706883493,0,12.662083333333332,8.540765894558486,1.0,0.6021194788488502,5.425833333333333,73.07583333333334,29.40041666666667,2.82875,0.5785520008498674,-0.4728758447876788,0.0,0.0,0.0,184.0,1423.0,1607.0,21883.45,118.90901810418852
2024-04-26,2024-04-27,Winnellie,0,0.1106736486962151,0,10.940416666666666,9.320677888539494,0.0,0.8166298119919835,4.4279166666666665,68.09166666666667,29.2025,8.282916666666667,0.7925872373333808,-0.0319752313242975,0.0,0.0,0.0,160.0,1447.0,1607.0,21883.45,116.42946244045672
2024-04-27,2024-04-28,Palmerston,0,0.1903509365726264,0,7.96,10.950034593973248,0.0,1.5513803817110303,6.429583333333333,58.66666666666666,26.991666666666664,2.1558333333333333,0.9359306736843644,-0.234130516650018,1.0,2.0,9.0,274.0,1343.0,1629.0,10014.0,18.56132408920576
2024-04-27,2024-04-28,Stokes Hill,0,0.156989633279185,0,10.454583333333334,11.80645889017369,3.0,1.0125045786327036,9.552916666666668,60.65375,29.37125,3.435416666666667,0.5314406866458701,-0.7467368422427905,0.0,1.0,11.0,215.0,1396.0,1623.0,10100.17,30.082727366326967
2024-04-27,2024-04-28,Winnellie,0,0.3079334415527817,0,9.400416666666668,12.64415341899521,0.0,1.5109976180603677,8.422916666666667,52.770833333333336,28.975,8.250416666666666,0.876110944869679,-0.3043887405383929,0.0,1.0,11.0,190.0,1397.0,1599.0,9907.62,29.548126752311592
2024-04-28,2024-04-29,Palmerston,0,0.2333425765437091,0,5.503333333333334,9.17712080227147,0.0,1.5989792609103135,8.417916666666667,56.44166666666666,25.73625,1.93875,0.8748731583010714,-0.4075358460547238,0.0,11.0,48.0,395.0,865.0,1319.0,6978.21,28.577845686508997
2024-04-28,2024-04-29,Stokes Hill,0,0.2284611451593784,0,8.724583333333333,10.480792729570748,0.0,1.134000174199057,12.662083333333332,55.7425,28.87875,2.466666666666667,0.2985513010460104,-0.8678083052518898,0.0,11.0,1.0,388.0,954.0,1354.0,7160.47,36.60676007501348
2024-04-28,2024-04-29,Winnellie,0,0.4036938149849218,0,6.8,10.682284370100998,0.0,1.695319991210758,10.940416666666666,49.19583333333333,27.945000000000004,6.80875,0.7114324442992404,-0.6031925412726964,0.0,11.0,2.0,347.0,931.0,1291.0,6816.64,39.1075164597711
2024-04-29,2024-04-30,Palmerston,0,0.1319242207568972,0,3.0941666666666663,7.065707131151922,0.0,1.1962546888168677,7.96,64.35833333333333,26.57375,1.7833333333333332,0.5864852719368013,-0.2077147957551063,2.0,6.0,83.0,191.0,494.0,776.0,5347.96,15.206082434808588
2024-04-29,2024-04-30,Stokes Hill,0,0.1122536194446877,0,7.36625,8.83340895285669,0.0,1.0506309876129014,10.454583333333334,64.85166666666667,28.922083333333333,2.5554166666666664,0.1482758173671406,-0.4136526884422386,4.0,4.0,16.0,248.0,540.0,812.0,5589.29,6.87266367906945
2024-04-29,2024-04-30,Winnellie,0,0.2304846684852274,0,5.484999999999999,8.563988712464438,0.0,1.3594125612592534,9.400416666666668,58.66666666666666,28.602083333333336,7.07125,0.507718987943485,-0.2408632827876254,1.0,7.0,17.0,229.0,519.0,773.0,5325.35,4.316721164365466
2024-04-30,2024-05-01,Palmerston,0,0.0765931597435039,0,4.527916666666667,5.655477122302307,0.0,0.9305243873651114,5.503333333333334,69.47916666666667,27.16416666666667,2.293913043478261,0.7278508765001037,-0.2560656405279433,0.0,25.0,73.0,115.0,384.0,597.0,5600.7,26.55832551682829
2024-04-30,2024-05-01,Stokes Hill,0,0.0811538463003055,0,9.300833333333332,7.332682381009892,0.0,0.8513768012804636,8.724583333333333,71.01875,29.36208333333333,2.720416666666667,0.2441873343469599,-0.5405262048671001,18.0,7.0,64.0,117.0,391.0,597.0,5600.7,17.24621345038765
2024-04-30,2024-05-01,Winnellie,0,0.1275790908145911,0,6.395833333333333,7.262225671107444,0.0,0.9095791020738055,6.8,67.38333333333334,29.02208333333333,8.081249999999999,0.5183092958431675,-0.323321719734404,11.0,14.0,44.0,133.0,388.0,590.0,5555.18,23.469762905805
2024-05-01,2024-05-02,Palmerston,0,0.1068347981662446,0,6.5675,7.548422568924139,,,3.0941666666666663,69.75,26.831666666666667,2.0325,0.9092321645192512,-0.0921322612757179,0.0,0.0,14.0,61.0,327.0,402.0,3598.36,76.88503049882422
2024-05-01,2024-05-02,Stokes Hill,0,0.1020581287118185,0,10.985,10.105639510205249,0.0,0.8010257742805054,7.36625,71.69958333333334,29.164583333333336,2.5675,0.4346095783674873,-0.5796130918926378,0.0,0.0,10.0,64.0,328.0,402.0,3598.36,80.40671838935025
2024-05-01,2024-05-02,Winnellie,0,0.1780193130447716,0,7.85,8.893605701362809,0.0,0.9706332501857688,5.484999999999999,67.07916666666667,28.79083333333333,7.272083333333334,0.7726074476970731,-0.2766409696511446,0.0,0.0,10.0,58.0,334.0,402.0,3598.36,84.94402772023416
2024-05-02,2024-05-03,Palmerston,0,0.2030605633805901,0,5.465833333333333,8.75331182452292,0.0,1.6989837875894922,4.73695652173913,61.5375,27.295,2.1125000000000003,0.913223834885926,-0.2380785956521322,0.0,11.0,57.0,246.0,537.0,851.0,7887.37,25.98742892819133
2024-05-02,2024-05-03,Stokes Hill,0,0.2307754687630528,0,8.924999999999999,11.159235323368696,0.0,1.6391137316009683,9.300833333333332,63.531666666666666,29.76,2.825,0.4343921675803144,-0.6917758713178195,11.0,0.0,39.0,248.0,557.0,855.0,7908.05,16.957203304319112
2024-05-02,2024-05-03,Winnellie,0,0.2725738345120619,0,7.777083333333334,9.66174858949505,0.0,1.565830335196203,6.395833333333333,61.92999999999999,28.6375,7.458499999999999,0.6802260714303767,-0.438398440712738,4.0,7.0,39.0,230.0,571.0,851.0,7887.37,23.222840664653543
2024-05-03,2024-05-04,Palmerston,0,0.2490513937148239,0,5.739166666666667,9.14393337699601,,,6.5675,58.28333333333333,27.410833333333333,2.158333333333333,0.8287554722153788,-0.2938181300416403,0.0,1.0,75.0,358.0,742.0,1176.0,8035.54,38.522315929597205
2024-05-03,2024-05-04,Stokes Hill,0,0.1967155375858688,0,9.777916666666666,9.821058847685114,0.0,1.6834976497471923,10.985,62.50958333333333,29.521666666666665,3.0187500000000003,0.3182774081496787,-0.6830798884236642,0.0,1.0,57.0,361.0,768.0,1187.0,8065.58,39.992230240152296
2024-05-03,2024-05-04,Winnellie,0,0.3226674303214775,0,13.345,9.596583538616407,0.0,1.6343377147988398,7.85,56.05416666666667,29.261666666666667,8.510416666666666,0.6940111897212681,-0.3358984748018731,0.0,1.0,54.0,350.0,771.0,1176.0,8035.54,45.00145613756318
2024-05-04,2024-05-05,Palmerston,0,0.1778225586936261,0,5.40625,7.956574283710093,0.0,1.4293128639290256,5.71304347826087,63.84583333333333,27.60625,2.024583333333333,0.7108385234415074,-0.280422979712593,0.0,49.0,42.0,435.0,297.0,823.0,4868.4,28.982888169222853
2024-05-04,2024-05-05,Stokes Hill,0,0.1444918774349045,0,10.91875,9.529178132151742,0.0,1.0735905161715569,8.924999999999999,67.62666666666667,29.630416666666665,2.733333333333333,0.1536643883867259,-0.4829839784321739,9.0,3.0,63.0,430.0,322.0,827.0,4884.12,21.906452157624265
2024-05-04,2024-05-05,Winnellie,0,0.2270900256362581,0,8.562000000000001,9.441854461978629,3.0,1.3094587243262954,7.777083333333334,62.35,29.33875,7.647083333333334,0.4951334531496295,-0.2953267123386897,0.0,14.0,61.0,413.0,336.0,824.0,4872.14,28.259249623728184
2024-05-05,2024-05-06,Palmerston,0,0.182365018589646,0,5.701904761904761,8.731657795584777,0.0,1.482005839706644,5.739166666666667,64.0125,27.148750000000003,2.023913043478261,0.8640116089661855,-0.1598954213895981,0.0,19.0,41.0,133.0,76.0,269.0,1805.18,28.9223854281048
2024-05-05,2024-05-06,Stokes Hill,0,0.1768923967979872,0,11.255833333333332,10.885175884331066,1.0,1.2090314850178114,9.777916666666666,66.15625,29.41875,2.6091666666666664,0.3910579692397415,-0.574893076653258,0.0,13.0,47.0,107.0,102.0,269.0,1805.18,26.06111606728533
2024-05-05,2024-05-06,Winnellie,0,0.3431991804365486,0,9.218333333333334,11.961579874856625,,,13.345,59.475,29.16208333333333,7.390833333333333,0.709951119972141,-0.1858318849004928,0.0,2.0,58.0,94.0,115.0,269.0,1805.18,32.14351313263475
2024-05-06,2024-05-07,Palmerston,0,0.2026893469971531,0,7.110416666666667,8.774208259780679,,,5.40625,61.30416666666667,26.2925,1.7725,0.6381979317180017,-0.3368780356464909,0.0,30.0,21.0,139.0,115.0,305.0,2518.7,29.06201381934879
2024-05-06,2024-05-07,Stokes Hill,0,0.2321584246713334,0,13.391666666666666,11.83424920407912,0.0,1.4397808648406416,10.91875,61.18208333333333,28.83333333333333,2.4779166666666668,0.0918253332094798,-0.5883809997935604,5.0,25.0,7.0,136.0,132.0,305.0,2518.7,20.944299657067464
2024-05-06,2024-05-07,Winnellie,0,0.2838293633400555,0,9.75625,10.770753723356638,0.0,1.942278044556391,8.562000000000001,57.175,28.343333333333334,6.99375,0.3939449841082958,-0.2993704261295898,0.0,28.0,9.0,109.0,159.0,305.0,2518.7,27.277628899838657
2024-05-07,2024-05-08,Palmerston,0,0.2028387143455824,0,6.349583333333334,9.419635139785726,,,6.395789473684211,62.5875,25.88,1.7279166666666663,0.5568006613277484,-0.2277470349851444,0.0,4.0,38.0,395.0,275.0,712.0,7754.37,29.21407863032928
2024-05-07,2024-05-08,Stokes Hill,0,0.215451436808909,0,9.04818181818182,13.357610098819988,5.0,1.748635555917634,11.255833333333332,60.84291666666667,28.546666666666667,1.9808333333333328,-0.0128535922083366,-0.3890552273332695,2.0,2.0,34.0,359.0,315.0,712.0,7754.37,24.269962977233497
2024-05-07,2024-05-08,Winnellie,0,0.3141902794859257,0,8.572083333333333,11.402740596740944,2.0,1.8298019194369428,9.218333333333334,58.475,27.70875,5.954999999999999,0.2785838439916216,-0.2719824343129532,0.0,2.0,33.0,315.0,362.0,712.0,7754.37,30.494926092918696
2024-05-08,2024-05-09,Palmerston,0,0.1894998216538341,0,7.43875,8.172953219045837,0.0,2.0091789700388105,7.497826086956521,67.8625,25.898750000000003,1.7179166666666663,0.5226073055115412,-0.0519740648910001,0.0,14.0,123.0,763.0,1303.0,2203.0,21107.44,28.91238333028856
2024-05-08,2024-05-09,Stokes Hill,0,0.29895887117355,0,14.173333333333334,9.724857118279328,,,13.391666666666666,65.19708333333334,28.504583333333333,2.04,0.1200046096445903,-0.0970789669240377,12.0,2.0,112.0,678.0,1399.0,2203.0,21107.44,19.47472049970695
2024-05-08,2024-05-09,Winnellie,0,0.2980194180394426,0,12.36,9.684965528945533,0.0,2.012954279878191,9.75625,62.88333333333333,27.819166666666664,5.572500000000001,0.2175694348631431,-0.021495180263756,0.0,14.0,109.0,659.0,1421.0,2203.0,21107.44,25.055820049820007
2024-05-09,2024-05-10,Palmerston,0,0.2016663262034232,0,23.861666666666665,8.612659552969237,0.0,1.829452727375873,6.349583333333334,72.56666666666666,26.644166666666667,1.63,0.4170187784466579,-0.16763755115602,0.0,1.0,64.0,400.0,2595.0,3060.0,21294.43,28.04013031876713
2024-05-09,2024-05-10,Stokes Hill,0,0.166978689411563,0,24.85375,11.411886975370654,2.0,1.448590636240306,9.04818181818182,73.11347826086956,28.8495652173913,1.3416666666666668,0.0672183518294666,-0.1759067880863287,0.0,1.0,61.0,341.0,2657.0,3060.0,21294.43,32.16537282286748
2024-05-09,2024-05-10,Winnellie,0,0.2903530524249854,0,30.0625,10.701765297236536,1.0,1.7349766800561113,8.572083333333333,69.80833333333334,28.35291666666667,3.940833333333333,0.226304310773295,0.232677143712003,0.0,1.0,61.0,326.0,2672.0,3060.0,21294.43,36.149295100753534
2024-05-10,2024-05-11,Palmerston,0,0.2670116970643421,0,12.59125,21.546023113325862,9.0,2.3331912224290687,7.43875,70.1875,27.905833333333334,1.794166666666667,0.8025761729306807,-0.1636818564491677,0.0,4.0,118.0,308.0,2470.0,2900.0,24066.23,31.356958329398275
2024-05-10,2024-05-11,Stokes Hill,0,0.3281460683912618,0,17.358333333333334,18.455425710611507,7.0,1.8672947319143576,14.173333333333334,72.73916666666666,29.79875,1.76875,0.1090107671755036,-0.4445426541282094,1.0,3.0,31.0,357.0,2508.0,2900.0,24066.23,24.678219546387723
2024-05-10,2024-05-11,Winnellie,1,0.4698168447004373,0,15.364583333333334,17.756302547718803,9.0,2.4128981714534263,12.36,67.1125,29.620416666666667,5.5058333333333325,0.5738577208477715,-0.328291109884591,0.0,4.0,37.0,322.0,2537.0,2900.0,24066.23,31.029377971555725
2024-05-11,2024-05-12,Palmerston,0,0.7362158731926114,0,9.47608695652174,14.67478923906307,0.0,14.863176545297282,23.861666666666665,61.45416666666667,27.092916666666667,2.049583333333333,0.8695170000516151,-0.2330626584119198,9.0,8.0,25.0,176.0,2079.0,2297.0,19345.98,11.715430940156612
2024-05-11,2024-05-12,Stokes Hill,0,0.7720498219515366,0,14.532083333333333,16.503194888308606,0.0,3.961644635695908,24.85375,67.26541666666667,29.099166666666665,2.782916666666667,0.4263330895309946,-0.402036726058981,9.0,8.0,25.0,156.0,2103.0,2301.0,19397.32,7.628104529490693
2024-05-11,2024-05-12,Winnellie,0,0.8987856866230256,1,11.62625,16.924422760158954,1.0,5.686214788002483,30.0625,58.675,29.164583333333336,8.329166666666667,0.5607886215731966,-0.2373085281225801,9.0,8.0,25.0,157.0,2098.0,2297.0,19345.98,1.3753218287086688
2024-05-12,2024-05-13,Palmerston,0,0.4935281734027614,0,8.556666666666667,10.680105215363914,,,12.59125,63.225,26.1475,2.026666666666667,0.8929893024434046,-0.3418312524998264,0.0,3.0,39.0,158.0,1564.0,1764.0,11767.38,26.25622332150329
2024-05-12,2024-05-13,Stokes Hill,0,0.5030951125262966,0,14.363333333333332,13.236720832666265,2.0,2.8208013500465707,17.358333333333334,64.98958333333333,28.69833333333333,2.603333333333333,0.3174777135354527,-0.8052311282275803,3.0,0.0,39.0,149.0,1577.0,1768.0,11777.76,17.48813909780526
2024-05-12,2024-05-13,Winnellie,0,0.6448608335013921,0,11.530416666666667,12.158590500025689,0.0,3.68927849960945,15.364583333333334,59.70416666666667,28.032083333333333,7.474583333333334,0.6797525569964046,-0.5226331436025023,2.0,1.0,39.0,144.0,1578.0,1764.0,11767.38,23.78907557272957
2024-05-13,2024-05-14,Palmerston,0,0.3364795991168898,0,14.204736842105262,11.906297475873629,,,9.47608695652174,63.958333333333336,26.1825,1.992916666666667,0.8165333255213724,-0.0340202523537275,0.0,6.0,29.0,144.0,1578.0,1757.0,10467.82,27.378793304171914
2024-05-13,2024-05-14,Stokes Hill,0,0.3726327614004325,0,18.3125,15.212269721265203,3.0,2.317080057014295,14.532083333333333,65.28541666666666,28.640833333333333,2.7258333333333336,0.4169556402459924,-0.4396654578329333,3.0,3.0,19.0,133.0,1602.0,1760.0,10475.57,21.18135770239049
2024-05-13,2024-05-14,Winnellie,0,0.4538114332033752,0,18.52,14.170485982941624,0.0,2.706463676017109,11.62625,61.09583333333333,27.99125,7.046666666666667,0.670702567820577,-0.1958611257991998,0.0,6.0,19.0,127.0,1605.0,1757.0,10467.82,27.49534119683389
2024-05-14,2024-05-15,Palmerston,0,0.503951257468914,0,,,,,11.162,63.925,26.58875,2.26,0.8679840024999868,-0.0348728627637022,15.0,34.0,48.0,428.0,2058.0,2583.0,15223.58,12.061102822203662
2024-05-14,2024-05-15,Stokes Hill,0,0.5328722195681465,0,18.105833333333333,17.648301326270285,6.0,2.443305387038484,14.363333333333332,67.23458333333333,28.69458333333333,3.020833333333333,0.5079628466674729,-0.4934886453522738,38.0,11.0,41.0,369.0,2062.0,2521.0,14579.92,11.689208023418132
2024-05-14,2024-05-15,Winnellie,0,0.542050486396993,0,18.707083333333333,18.81676066493625,6.0,3.097798786621934,11.530416666666667,60.7,28.50791666666667,8.307083333333333,0.7647339052903145,-0.1031109603040641,16.0,33.0,41.0,365.0,2067.0,2522.0,14571.5,8.43761522759619
2024-05-15,2024-05-16,Stokes Hill,0,0.5038398314599475,0,16.33791666666667,17.09956010550682,5.0,2.690923932648668,18.3125,68.21333333333332,28.468333333333334,2.44625,0.280933135331049,-0.3193412568699614,17.0,40.0,91.0,735.0,1817.0,2700.0,18855.12,16.080023503934697
2024-05-15,2024-05-16,Winnellie,0,0.7273342961555485,0,16.312916666666666,18.95661489474987,5.0,4.196883788325295,18.52,62.00833333333333,28.232916666666668,6.697500000000001,0.5629166541833143,0.0126446169803151,13.0,44.0,92.0,659.0,1883.0,2691.0,18820.5,9.820432704613776
2024-05-16,2024-05-17,Stokes Hill,0,0.5179488295984269,0,20.695833333333333,14.467415632735744,4.0,3.1296509262379337,18.105833333333333,69.88791666666667,28.775,2.59875,0.4267008052234746,-0.4625050497970977,12.0,1.0,35.0,636.0,1406.0,2090.0,23726.17,14.798245539618312
2024-05-16,2024-05-17,Winnellie,0,0.749996140670331,0,16.65791666666667,15.258537197160956,3.0,4.802545906197722,18.707083333333333,64.79583333333333,28.510416666666668,7.404166666666666,0.6840297334900183,-0.1311092799023802,12.0,1.0,42.0,615.0,1420.0,2090.0,23726.17,9.01835784333037
2024-05-17,2024-05-18,Stokes Hill,0,0.349922173124732,0,19.57208333333333,17.97215696954614,6.0,2.0058119157773,16.33791666666667,69.04416666666667,29.172916666666666,1.9670833333333333,0.0751387817929362,-0.5683921971056985,8.0,1.0,53.0,262.0,963.0,1287.0,10474.99,21.36720703911997
2024-05-17,2024-05-18,Winnellie,0,0.539308450194188,0,20.348333333333333,15.413969805550074,3.0,2.873702245145953,16.312916666666666,64.52083333333333,28.61208333333333,5.892916666666667,0.5368892649365723,-0.5105595982383397,0.0,9.0,59.0,241.0,980.0,1289.0,10489.97,26.150057369758045
2024-05-18,2024-05-19,Stokes Hill,0,0.6850165696608308,0,21.501666666666665,20.484088397722964,6.0,3.449310455314796,20.695833333333333,59.34583333333333,29.065,2.950833333333333,0.3724184482846838,-0.8711986136959271,10.0,6.0,67.0,304.0,1449.0,1836.0,12191.44,13.47398381594656
2024-05-18,2024-05-19,Winnellie,0,0.7149411271524149,0,21.385416666666668,20.60929519052904,6.0,4.198320355390165,16.65791666666667,50.12083333333334,28.77625,8.997083333333334,0.7821309148334286,-0.5451602692269054,4.0,12.0,71.0,297.0,1454.0,1838.0,12206.51,8.10944445898927
2024-05-19,2024-05-20,Stokes Hill,0,0.7523596467567084,0,27.74375,23.33628985411192,7.0,4.190145839045091,19.57208333333333,54.77041666666667,27.763333333333332,3.0070833333333336,0.3175797790461115,-0.8978686704787348,20.0,25.0,43.0,575.0,1909.0,2572.0,15117.57,14.841108980351157
2024-05-19,2024-05-20,Winnellie,0,0.8718940676265209,1,24.81833333333333,23.797591366632936,7.0,5.933638386183648,20.348333333333333,47.9125,26.8225,8.34125,0.7291851945387102,-0.5977941157669734,10.0,35.0,40.0,580.0,1913.0,2578.0,15145.95,11.572049223052703
2024-05-20,2024-05-21,Palmerston,0,0.2017956562783965,0,27.29458333333333,23.086678599982736,6.0,2.264069608561303,,,,,,,7.0,60.0,239.0,1132.0,2832.0,4270.0,31921.69,18.28449854346606
2024-05-20,2024-05-21,Stokes Hill,1,0.7922802120732587,1,29.245833333333334,24.868472732085365,8.0,7.292980182408766,21.501666666666665,51.01166666666666,26.38625,3.6879166666666663,0.1671283675818765,-0.9478137306549744,30.0,31.0,227.0,1083.0,2750.0,4121.0,30430.6,10.801396157779546
2024-05-20,2024-05-21,Winnellie,0,0.9092646366077314,1,28.9725,25.154289154399525,8.0,8.87025474568895,21.385416666666668,43.8375,25.640833333333333,9.944583333333332,0.6479741682906517,-0.7415392007659397,12.0,49.0,157.0,1072.0,2851.0,4141.0,30691.89,15.908352839811757
2024-05-21,2024-05-22,Palmerston,1,0.9117294739008266,1,24.25208333333333,24.632762816147693,10.0,10.191366523640667,24.63125,40.62916666666667,22.62375,2.30625,0.8998845706893038,-0.3391618116388913,9.0,51.0,289.0,1219.0,2713.0,4281.0,32402.25,0.926770493193889
2024-05-21,2024-05-22,Stokes Hill,1,0.8865035860606574,1,31.438333333333333,23.01217196062862,10.0,10.103410010514638,27.74375,45.67208333333334,25.34875,3.4825,0.4138919671294083,-0.8448585575522807,15.0,42.0,139.0,1271.0,2722.0,4189.0,31911.68,12.75095447236605
2024-05-21,2024-05-22,Winnellie,1,0.947448311975502,1,,,10.0,13.128918147762867,24.81833333333333,37.82857142857143,24.87142857142857,9.567619047619049,0.8004315271789013,-0.4449285265931053,12.0,45.0,105.0,1265.0,2773.0,4200.0,32050.98,11.245172953801733
2024-05-22,2024-05-23,Palmerston,0,0.9049554403149576,1,13.93125,20.56222287658473,8.0,7.609325329198155,27.29458333333333,59.67916666666667,23.30125,2.277083333333333,0.921864925544698,-0.1565455220776417,5.0,14.0,33.0,655.0,1503.0,2210.0,19218.03,6.623771277368896
2024-05-22,2024-05-23,Stokes Hill,1,0.8222818947470145,1,22.324166666666667,23.36918579401385,9.0,6.20651165924935,29.245833333333334,63.13999999999999,25.94708333333333,3.205833333333333,0.5201961860268758,-0.6117764633607965,4.0,15.0,19.0,645.0,1523.0,2206.0,19165.12,15.874810449367914
2024-05-23,2024-05-24,Palmerston,0,0.757243267013097,0,5.497083333333333,12.886263669864316,4.0,5.338227101625984,24.25208333333333,64.0,24.867500000000003,1.9963636363636363,0.8320696088534327,-0.159941585853788,1.0,6.0,39.0,373.0,1105.0,1524.0,12640.56,24.560050422716103
2024-05-23,2024-05-24,Stokes Hill,0,0.8186564975349057,1,9.24125,17.14701932927603,6.0,5.758930445367078,31.438333333333333,66.26708333333333,27.17833333333333,2.3945833333333333,0.3953336738928923,-0.2439569130758594,2.0,5.0,33.0,368.0,1108.0,1516.0,12550.08,13.774726236339015
2024-05-24,2024-05-25,Palmerston,0,0.292468268165497,0,6.617083333333333,9.265892721937034,0.0,2.047180685762728,13.93125,70.28333333333333,25.45833333333333,1.8541666666666667,0.5226413248032705,-0.2327384217410723,0.0,3.0,11.0,160.0,675.0,849.0,3741.64,25.886633099050947
2024-05-24,2024-05-25,Stokes Hill,0,0.3928144054763037,0,10.385,10.799226008394752,0.0,2.438574434205964,22.324166666666667,72.09708333333333,27.770416666666662,1.86625,-0.0571479888524898,-0.2640519037817184,0.0,3.0,11.0,149.0,689.0,852.0,3751.02,26.691530704416085
2024-05-24,2024-05-25,Winnellie,0,0.1865201390998255,0,9.184583333333334,9.88814686090551,0.0,1.5524039545792794,,,,,,,0.0,3.0,4.0,142.0,700.0,849.0,3741.64,31.700254467865644
2024-05-25,2024-05-26,Palmerston,0,0.1279112368519795,0,11.903333333333334,8.256118203088302,,,5.497083333333333,72.78750000000001,26.190416666666668,1.762916666666667,0.5157368155420765,-0.1474870627563584,2.0,30.0,53.0,406.0,934.0,1425.0,8219.42,24.19126212554219
2024-05-25,2024-05-26,Stokes Hill,0,0.1128167625558595,0,14.591666666666669,9.06196998934227,0.0,1.329588189849804,9.24125,74.51416666666667,28.16208333333333,2.129166666666667,0.1674595388365211,-0.2781005260899571,2.0,30.0,73.0,324.0,997.0,1426.0,8221.11,24.15413511235153
2024-05-25,2024-05-26,Winnellie,0,0.2168095699411141,0,12.259583333333332,9.853767402895752,0.0,1.4726494702315838,8.92625,,,,,,0.0,19.0,69.0,345.0,992.0,1425.0,8219.42,29.346251157050823
2024-05-26,2024-05-27,Palmerston,0,0.146877594833987,0,12.305416666666666,12.737518187599044,1.0,1.1737046251915104,7.257272727272727,75.30833333333334,26.039583333333336,1.7200000000000002,0.5115512088323798,-0.0955275941233161,0.0,16.0,12.0,238.0,422.0,688.0,3942.35,26.02067432911431
2024-05-26,2024-05-27,Stokes Hill,0,0.1058320227042777,0,16.60375,13.48652027881409,0.0,1.0475630142102812,10.385,77.36375,27.985,1.75625,0.0223485562623134,-0.2347086161053907,1.0,15.0,15.0,218.0,440.0,689.0,3947.91,22.39813170860869
2024-05-26,2024-05-27,Winnellie,0,0.2167387266630784,0,15.8025,12.719205980601243,0.0,1.3681297382735502,9.184583333333334,,,,,,0.0,8.0,29.0,207.0,443.0,687.0,3936.79,28.75492800685471
2024-05-27,2024-05-28,Palmerston,0,0.357602682566444,0,6.877916666666667,12.934554686119238,2.0,1.97851324463041,11.903333333333334,66.22916666666667,26.558333333333334,2.0941666666666667,0.8287558584233611,-0.1977702189851199,0.0,33.0,70.0,271.0,401.0,775.0,7125.98,25.27734199275901
2024-05-27,2024-05-28,Stokes Hill,0,0.2806183233938792,0,10.78375,13.890661145867336,4.0,1.7979024901375618,14.591666666666669,68.7725,28.55958333333333,2.495,0.2462965489145387,-0.607417376087665,9.0,10.0,85.0,235.0,439.0,778.0,7187.37,13.39787420824288
2024-05-27,2024-05-28,Winnellie,0,0.4064997169611788,0,9.025,13.018271468779478,6.0,2.005576430335304,12.259583333333332,64.48333333333333,28.355833333333333,7.765833333333333,0.5873142073839153,-0.3739106799598862,9.0,10.0,87.0,252.0,413.0,771.0,7050.3,18.2097296705946
2024-05-28,2024-05-29,Palmerston,0,0.3897960783222719,0,3.750833333333333,8.702373668845945,,,12.305416666666666,65.78333333333333,26.24833333333333,2.01,0.8487108634919331,0.0512047354707458,0.0,27.0,9.0,51.0,514.0,601.0,5439.74,27.61502176644043
2024-05-28,2024-05-29,Stokes Hill,0,0.3819409086415583,0,7.1875,9.956842548754112,0.0,1.988631256858956,16.60375,69.46458333333334,28.42708333333333,2.055,0.4317908232502561,-0.4604798395396148,2.0,17.0,17.0,51.0,526.0,613.0,5563.41,17.383662962364042
2024-05-28,2024-05-29,Winnellie,0,0.4220717484937694,0,5.486666666666667,10.065174458027307,0.0,2.0237525709313253,15.8025,,,,,,2.0,14.0,20.0,45.0,518.0,599.0,5377.79,22.961667645366735
2024-05-29,2024-05-30,Palmerston,0,0.1551701374474406,0,17.25875,6.1373710719267365,0.0,1.3100980266772415,7.2708695652173905,72.57916666666667,26.39625,2.33375,0.7364233526698424,0.2553051376326987,0.0,6.0,14.0,57.0,398.0,475.0,2919.11,37.43342918383792
2024-05-29,2024-05-30,Stokes Hill,0,0.1580737156129119,0,10.499583333333334,7.032191973436086,0.0,1.2731954481072532,10.78375,75.80166666666666,28.105833333333333,3.2375000000000003,0.7956583992865941,-0.2743441592880009,0.0,5.0,15.0,9.0,447.0,476.0,2922.7,47.54966416244323
2024-05-29,2024-05-30,Winnellie,0,0.2435245291374131,0,10.445833333333333,6.88097098223669,0.0,1.508860163552409,9.025,69.89583333333333,28.22625,8.725,0.8556701441566928,0.1821339365935755,0.0,5.0,15.0,9.0,446.0,475.0,2919.11,48.42798427586656
2024-06-05,2024-06-06,Palmerston,0,0.4776899001648576,0,19.805416666666662,14.313109355380517,1.0,3.082731688738491,11.38375,58.52916666666667,25.17958333333333,2.370833333333333,0.5466224595957697,-0.6587190359508106,4.0,9.0,165.0,351.0,509.0,1038.0,8054.48,13.935397696763792
2024-06-05,2024-06-06,Stokes Hill,0,0.3691577833953088,0,24.521666666666665,14.39484760800388,1.0,3.3948176055659567,14.832916666666668,62.525416666666665,27.229166666666668,2.8579166666666667,-0.0592740532399619,-0.7858265800238616,4.0,8.0,147.0,351.0,528.0,1038.0,8054.48,12.821644331980416
2024-06-05,2024-06-06,Winnellie,0,0.4170033507804068,0,22.02916666666667,11.6937011612351,0.0,2.586162630640644,13.465000000000002,,,,,,4.0,9.0,142.0,332.0,551.0,1038.0,8054.48,17.76566861414278
2024-06-06,2024-06-07,Palmerston,0,0.6053306225807926,0,27.18,16.992763240826235,8.0,5.472382511179629,8.340416666666668,47.0625,22.88958333333333,2.708333333333333,0.8458088972807062,-0.5089105433338637,11.0,22.0,143.0,568.0,1220.0,1964.0,22436.29,13.574678070474922
2024-06-06,2024-06-07,Stokes Hill,0,0.4725675945317537,0,33.875416666666666,19.43155782316968,8.0,5.661257847940671,11.962083333333332,52.71625,25.16375,3.579166666666667,0.3295571492010376,-0.8945467185917159,19.0,5.0,145.0,562.0,1232.0,1963.0,22434.49,13.380053789006354
2024-06-06,2024-06-07,Winnellie,0,0.3026863653115013,0,32.455416666666665,14.413895896447873,8.0,2.9295890849708504,9.79875,,,,,,2.0,22.0,144.0,567.0,1228.0,1963.0,22434.49,7.024694187048018
2024-06-07,2024-06-08,Palmerston,1,0.7831363395910864,1,20.655416666666667,24.205545985333217,6.0,6.405019504178348,19.805416666666662,48.42083333333333,20.38375,2.47625,0.8584752885879721,-0.4907858286476168,2.0,42.0,267.0,284.0,1208.0,1803.0,18918.01,22.658677760874813
2024-06-07,2024-06-08,Stokes Hill,1,0.7655983791264304,0,20.710416666666667,24.764168844410086,13.0,7.472463264757957,24.521666666666665,51.6775,23.24083333333333,3.4579166666666663,0.185030224740654,-0.92508761590729,6.0,4.0,314.0,227.0,1252.0,1803.0,18918.01,11.477384577168232
2024-06-07,2024-06-08,Winnellie,1,0.5991613923808891,0,20.83,23.333498833114124,9.0,3.3814558955898817,22.02916666666667,,,,,,2.0,6.0,292.0,291.0,1212.0,1803.0,18918.01,16.386166760018295
2024-06-08,2024-06-09,Palmerston,0,0.9414672289712184,1,13.523333333333332,22.24669921636702,8.0,11.709879018280414,27.18,49.44166666666666,18.67875,1.8334782608695648,0.8307782195211952,-0.0983011264925334,12.0,25.0,171.0,282.0,1408.0,1898.0,16636.12,12.768934223629808
2024-06-08,2024-06-09,Stokes Hill,0,0.9254088055925008,1,15.715416666666668,20.592006471262668,5.0,11.622560549026238,33.875416666666666,49.774166666666666,22.15041666666667,2.5170833333333333,0.306675656619419,-0.3910675312417445,6.0,17.0,173.0,267.0,1435.0,1898.0,16636.12,19.616062045603638
2024-06-08,2024-06-09,Winnellie,0,0.9107546151153012,1,15.619166666666668,19.721537481154638,7.0,6.3174509378102535,32.455416666666665,,,,,,6.0,14.0,177.0,280.0,1421.0,1898.0,16636.12,15.385960273479874
2024-06-09,2024-06-10,Palmerston,0,0.7641369805456112,0,10.597916666666666,16.05589671488359,1.0,6.421893474388912,20.655416666666667,60.49166666666667,19.5425,1.8404166666666668,0.7291786164344574,-0.0113503768832911,0.0,40.0,114.0,402.0,602.0,1158.0,8400.71,29.861162237463198
2024-06-09,2024-06-10,Stokes Hill,0,0.5506969632783725,0,17.741666666666667,15.390681871420854,5.0,4.887973281573212,20.710416666666667,61.33208333333334,22.891666666666666,2.1720833333333336,0.1761265573040307,-0.3123038206091278,3.0,18.0,130.0,385.0,626.0,1162.0,8413.26,20.315177535450832
2024-06-09,2024-06-10,Winnellie,0,0.6423435612118229,0,13.637083333333337,13.860823591626854,3.0,3.810463023548743,20.83,,,,,,0.0,11.0,133.0,393.0,621.0,1158.0,8400.71,26.451092068409423
2024-06-10,2024-06-11,Palmerston,0,0.4926677949380807,0,11.765714285714289,13.224233049325347,1.0,4.185517604998459,13.523333333333332,66.09583333333333,21.31375,1.6569565217391304,0.915589030315956,-0.1120503456562272,1.0,33.0,113.0,254.0,407.0,808.0,6258.48,13.455474272254506
2024-06-10,2024-06-11,Stokes Hill,0,0.3617934982537306,0,15.699583333333337,14.798560766476392,6.0,2.6613715535403397,15.715416666666668,64.58208333333333,24.63583333333333,2.2983333333333333,-0.1341960123955006,-0.3387580874790976,1.0,26.0,100.0,267.0,418.0,812.0,6290.14,14.231040684662812
2024-06-10,2024-06-11,Winnellie,0,0.4233144579016875,0,13.64625,11.72751802927983,2.0,2.858104363668887,15.619166666666668,,,,,,1.0,20.0,101.0,269.0,417.0,808.0,6258.48,7.905064870424768
2024-06-11,2024-06-12,Palmerston,0,0.4397342685627082,0,,,,,10.597916666666666,62.8125,22.2775,1.881304347826087,0.785818885367233,-0.0566734759160687,4.0,21.0,60.0,351.0,540.0,976.0,8540.28,2.590496687321375
2024-06-11,2024-06-12,Stokes Hill,0,0.3908675793711357,0,27.83875,13.438763842204242,3.0,2.899190069812447,17.741666666666667,65.75,25.13583333333333,2.31125,0.0762130416441213,-0.2421041808326524,3.0,25.0,61.0,336.0,552.0,977.0,8546.1,13.950425505068456
2024-06-11,2024-06-12,Winnellie,0,0.3710970962184806,0,18.95,13.257720529255138,4.0,2.4228441865498374,13.637083333333337,,,,,,3.0,7.0,77.0,343.0,547.0,977.0,8546.1,7.662881072590506
2024-06-12,2024-06-13,Stokes Hill,1,0.316883483717699,0,18.046666666666667,19.94361476477524,10.0,2.3837486585768355,15.699583333333337,69.40208333333334,25.28333333333333,1.6383333333333334,-0.1692971202361733,-0.3739813459141523,1.0,16.0,154.0,127.0,1032.0,1330.0,13555.49,13.652225784921674
2024-06-12,2024-06-13,Winnellie,0,0.5349204596535861,0,14.737083333333333,14.75834909650282,4.0,3.499235650813164,13.64625,61.40526315789474,24.987368421052636,6.213157894736842,0.3313042453415503,-0.1901714712352674,1.0,7.0,158.0,132.0,1032.0,1330.0,13555.49,7.392781393851224
2024-06-13,2024-06-14,Palmerston,0,0.2740999959040156,0,19.808333333333334,16.418610112115537,4.0,2.3073221700523225,,,,,,,1.0,49.0,86.0,165.0,1432.0,1733.0,16364.05,24.940645253764743
2024-06-13,2024-06-14,Stokes Hill,0,0.7387354123232944,0,29.749166666666667,18.80752963711552,2.0,5.146784449804933,27.83875,71.38541666666667,25.20041666666667,1.25625,0.1431462600077988,-0.0141832028554578,4.0,50.0,91.0,151.0,1437.0,1733.0,16364.05,15.67888770174555
2024-06-13,2024-06-14,Winnellie,0,0.605262887566954,0,19.8575,16.225388729629906,1.0,3.263220555469973,18.95,,,,,,4.0,44.0,116.0,132.0,1437.0,1733.0,16364.05,21.93592077668128
2024-06-14,2024-06-15,Palmerston,0,0.6949850122049072,0,19.81125,21.077592935745848,5.0,4.463918942789944,15.89625,66.26666666666667,22.65625,1.643333333333333,0.7808381262022647,0.0091863600604369,1.0,29.0,26.0,307.0,1500.0,1863.0,14802.43,6.418524658901986
2024-06-14,2024-06-15,Stokes Hill,1,0.5584611631313994,0,19.770416666666662,23.496139718877025,10.0,4.143483055295826,18.046666666666667,70.315,25.40125,1.221666666666667,0.1547010314360843,-0.0766688178188211,7.0,29.0,23.0,294.0,1510.0,1863.0,14802.43,9.514304171106012
2024-06-14,2024-06-15,Winnellie,0,0.6617344827450878,0,19.125416666666663,18.384159100447505,4.0,4.590469641612896,14.737083333333333,63.76818181818182,24.80227272727273,5.337727272727272,0.5830029748727729,-0.0904845889821018,5.0,25.0,58.0,265.0,1510.0,1863.0,14802.43,5.461608538725334
2024-06-15,2024-06-16,Palmerston,0,0.7488057071774908,0,21.49833333333333,20.55516941305276,5.0,4.089104847958061,19.808333333333334,74.71249999999999,22.982916666666668,1.75,0.7227964908610108,-0.1484065532019464,4.0,53.0,47.0,356.0,1034.0,1494.0,10846.28,14.969293800374627
2024-06-15,2024-06-16,Stokes Hill,0,0.7504905873330542,0,30.45833333333333,20.18730844790409,3.0,6.415476347629311,29.749166666666667,77.79166666666667,25.414583333333336,1.3033333333333337,0.175897922611266,-0.2580266428739815,6.0,68.0,37.0,326.0,1057.0,1494.0,10846.28,15.947157164394506
2024-06-15,2024-06-16,Winnellie,0,0.7078656882675962,0,,,1.0,3.66928512040503,19.8575,,,,,,3.0,47.0,61.0,327.0,1056.0,1494.0,10846.28,21.20599491970489
2024-06-16,2024-06-17,Palmerston,0,0.7275683072026722,0,26.142916666666668,19.46705421040008,9.0,4.884471662172381,19.81125,74.34583333333333,23.469583333333333,1.8008333333333333,0.567996915488572,-0.0328162493853972,10.0,31.0,35.0,524.0,1119.0,1719.0,19508.81,21.99738159979852
2024-06-16,2024-06-17,Stokes Hill,1,0.520600377115717,0,25.09708333333333,20.775975182635168,9.0,3.70341840930253,19.770416666666662,77.99624999999999,25.52125,1.3929166666666666,0.0158640796897155,-0.1655763251499459,3.0,37.0,38.0,486.0,1155.0,1719.0,19508.81,10.164378517668707
2024-06-17,2024-06-18,Palmerston,1,0.8412302653842897,1,24.609166666666667,21.2428523134822,7.0,7.155309428064468,21.49833333333333,67.8625,23.277916666666663,1.91,0.801282220768525,-0.1364381577215494,12.0,19.0,44.0,202.0,1933.0,2210.0,22244.09,10.349708121564651
2024-06-17,2024-06-18,Stokes Hill,1,0.7607339722910037,0,22.30458333333333,20.759208827779315,9.0,11.422663737314783,30.45833333333333,71.09708333333333,25.66333333333333,1.4775,0.5184382688961554,-0.1422247489826729,8.0,19.0,48.0,195.0,1940.0,2210.0,22244.09,20.190672005958994
2024-06-18,2024-06-19,Palmerston,0,0.8588758150639267,1,25.27833333333333,23.87884610062995,7.0,8.709328010158375,26.142916666666668,65.33333333333333,22.30666666666667,1.7200000000000002,0.7632607901472678,0.0422472808997005,0.0,31.0,195.0,335.0,2187.0,2748.0,29692.66,27.321104898492333
2024-06-18,2024-06-19,Stokes Hill,0,0.6818515414918274,0,24.684166666666663,19.64073018525056,7.0,6.770141970551244,25.09708333333333,67.68333333333334,25.155,1.3099999999999998,0.1344649269271766,-0.2197673095201529,1.0,28.0,202.0,325.0,2155.0,2711.0,29264.19,23.176775731800177
2024-06-18,2024-06-19,Winnellie,0,0.3040761789176527,0,23.10125,16.86520158713842,6.0,3.008635743078434,,,,,,,0.0,28.0,185.0,343.0,2161.0,2717.0,29314.01,25.670291410424426
2024-06-19,2024-06-20,Palmerston,1,0.8406432139108511,1,27.249166666666667,23.898825249708977,15.0,6.987635265128488,24.609166666666667,66.66666666666667,22.47458333333333,1.7660869565217394,0.7305136262904645,0.0072807763857447,1.0,22.0,117.0,494.0,1194.0,1828.0,13944.92,24.974618031835305
2024-06-19,2024-06-20,Stokes Hill,0,0.5732119165390255,0,26.04125,20.93553103891255,11.0,4.246542557254203,22.30458333333333,69.46666666666667,25.332083333333333,1.3445833333333337,0.2113886276195671,0.0062135513510601,0.0,17.0,126.0,481.0,1176.0,1800.0,13702.01,26.638308012572992
2024-06-19,2024-06-20,Winnellie,0,0.6752514744095024,0,27.441666666666663,22.84741686051789,9.0,3.1734931219321174,20.121666666666663,,,,,,0.0,9.0,139.0,476.0,1179.0,1803.0,13724.52,26.338550939579022
2024-06-20,2024-06-21,Palmerston,1,0.8431335619369505,1,18.81583333333333,25.88500962302411,6.0,7.625945452939144,25.27833333333333,68.60833333333333,23.084166666666665,1.9039130434782607,0.9055001502183828,0.015655416350833,0.0,23.0,133.0,792.0,1632.0,2580.0,19883.16,27.94659845634598
2024-06-20,2024-06-21,Stokes Hill,1,0.657314885795895,0,22.041666666666668,23.89153913940849,8.0,4.427323136792069,24.684166666666663,73.29708333333333,25.575,1.7241666666666668,0.3819589597929611,-0.3470842033614421,0.0,19.0,158.0,709.0,1638.0,2524.0,19473.43,30.226529981089385
2024-06-20,2024-06-21,Winnellie,1,0.8557880161121243,1,21.234166666666667,24.46239928610686,10.0,5.3491062594569385,23.10125,65.32380952380952,25.49095238095238,6.697142857142857,0.7839593378243438,-0.1314274365689895,0.0,18.0,162.0,715.0,1656.0,2551.0,19698.0,36.49074916938432
2024-06-21,2024-06-22,Palmerston,0,0.9304754542114976,1,10.22125,19.720585286027443,6.0,9.696400702140735,27.249166666666667,60.90833333333333,23.850416666666664,2.21125,0.9140878141191612,-0.1746722644698239,26.0,26.0,92.0,828.0,1387.0,2359.0,15007.58,4.582063233118734
2024-06-21,2024-06-22,Stokes Hill,0,0.843567451333718,1,15.689583333333331,20.363736823968917,8.0,5.7431802636956055,26.04125,65.2125,26.1525,2.6754166666666666,0.3493063819072874,-0.6057446821918305,26.0,23.0,104.0,752.0,1383.0,2288.0,14574.76,5.604161044267724
2024-06-21,2024-06-22,Winnellie,0,0.8900147641034533,1,14.002916666666666,22.05307879258558,10.0,6.231551082865991,27.441666666666663,,,,,,30.0,19.0,119.0,754.0,1394.0,2316.0,14756.01,5.050459519050599
2024-06-22,2024-06-23,Palmerston,0,0.801060179112626,1,,,0.0,7.76107009015185,18.81583333333333,51.125,23.5,2.460833333333333,0.93023779649383,-0.2137199084677769,5.0,25.0,77.0,549.0,1170.0,1826.0,13885.67,6.891723956487121
2024-06-22,2024-06-23,Stokes Hill,0,0.7115425938308603,0,16.31125,16.62142515364616,4.0,6.2948405406455965,22.041666666666668,58.64458333333334,25.71875,3.19625,0.5488865687312369,-0.6737550336275211,5.0,22.0,88.0,505.0,1174.0,1794.0,13597.64,17.543453952456996
2024-06-22,2024-06-23,Winnellie,0,0.8937853174205628,1,17.795416666666668,17.40095514999976,4.0,9.011073163997338,21.234166666666667,48.22380952380953,25.533809523809527,9.846666666666668,0.8346155688317797,-0.321185691170923,3.0,22.0,92.0,490.0,1191.0,1798.0,13621.37,17.78358612306324
2024-06-23,2024-06-24,Stokes Hill,0,0.5425102105814523,0,23.070416666666663,15.357600962613915,4.0,3.6303995769779984,15.689583333333331,54.067083333333336,24.770416666666662,2.512083333333333,0.103719827011468,-0.4993728136425062,7.0,8.0,93.0,338.0,689.0,1135.0,9679.87,22.059772903711075
2024-06-23,2024-06-24,Winnellie,0,0.752170200013493,0,27.2525,16.477170129374425,6.0,6.073660973930921,14.002916666666666,42.705,24.0,7.807,0.5548832663061357,-0.3525639409156557,5.0,9.0,92.0,363.0,667.0,1136.0,9684.82,22.683223107557804
2024-06-24,2024-06-25,Stokes Hill,0,0.4933780675861272,0,48.777142857142856,19.26617232805362,11.0,3.433599836634679,16.31125,56.96416666666667,25.01875,2.1754166666666666,-0.1141005139326362,-0.5101129659914833,8.0,5.0,106.0,290.0,785.0,1194.0,11272.38,12.910794438543933
2024-06-24,2024-06-25,Winnellie,1,0.7618834846776343,0,26.421,23.92004888522628,15.0,4.773401864809095,17.795416666666668,50.29047619047618,24.262857142857143,7.07,0.227940840897569,-0.3576385003614898,8.0,5.0,86.0,307.0,788.0,1194.0,11272.38,17.45433954854182
2024-06-25,2024-06-26,Stokes Hill,1,0.6450336503208004,0,44.89416666666667,29.875201297038632,,,23.070416666666663,63.242916666666666,24.949166666666667,1.59875,0.0231562571635455,-0.2382277914039184,0.0,40.0,134.0,266.0,709.0,1149.0,8553.22,26.1387141717453
2024-06-25,2024-06-26,Winnellie,1,0.9028031646566126,1,28.47958333333333,24.2728526204055,,,27.2525,60.56666666666666,23.81875,6.09875,0.5302593858658974,-0.0855346355771986,0.0,37.0,108.0,300.0,704.0,1149.0,8553.22,32.2712257737402
2024-06-26,2024-06-27,Stokes Hill,1,0.9596605948245068,1,21.074583333333333,28.9476757233678,8.0,7.582390301708958,48.777142857142856,72.81238095238095,25.26333333333333,1.60875,-0.3683007774962505,-0.2450823070553252,1.0,77.0,70.0,189.0,559.0,896.0,7070.28,10.10975715616927
2024-06-26,2024-06-27,Winnellie,1,0.8302340995918794,1,18.171666666666667,19.391061235145244,7.0,5.416879257465482,26.421,70.4304347826087,25.125217391304343,4.478260869565218,0.1185942138731261,-0.1758221175015412,1.0,70.0,47.0,222.0,556.0,896.0,7070.28,15.915774950698168
2024-06-27,2024-06-28,Palmerston,0,0.2107721396330298,0,19.106666666666666,13.901766045705646,4.0,1.9770647853533536,,75.56666666666666,23.96166666666667,1.641304347826087,0.3751686450756856,-0.0616824890020239,1.0,81.0,34.0,69.0,136.0,321.0,2261.67,15.932768784518656
2024-06-27,2024-06-28,Stokes Hill,0,0.907984756280869,1,32.33416666666667,18.898749838543942,7.0,6.348549800344623,44.89416666666667,71.16250000000001,26.54083333333333,1.8183333333333331,-0.3725288294881781,-0.1703389733072079,0.0,70.0,35.0,79.0,137.0,321.0,2261.67,25.951069527487096
2024-06-27,2024-06-28,Winnellie,0,0.7493888988705715,0,33.614583333333336,16.34405952280643,5.0,3.971115668523528,28.47958333333333,67.09166666666667,26.517916666666665,5.288749999999999,0.0870619527813476,-0.0070033304990776,0.0,68.0,37.0,82.0,134.0,321.0,2261.67,26.80142573474577
2024-06-28,2024-06-29,Palmerston,0,0.4294523297280813,0,11.01,16.484806488420602,6.0,1.7019097397584302,15.869583333333331,76.97916666666667,25.47583333333333,1.4808333333333332,0.1404454166717364,-0.1331881375976687,0.0,3.0,4.0,68.0,135.0,210.0,1155.26,40.04301256742547
2024-06-28,2024-06-29,Stokes Hill,1,0.3593647003391911,0,15.935,17.448497673736895,7.0,2.4830713108561264,21.074583333333333,79.40416666666667,27.190416666666668,1.5154166666666666,-0.3872552999990051,-0.2419422317651417,0.0,2.0,7.0,17.0,184.0,210.0,1155.26,37.54646617291923
2024-06-28,2024-06-29,Winnellie,1,0.4220558407186104,0,13.7625,19.76362778473605,8.0,1.991386874701176,18.171666666666667,75.24583333333334,27.19541666666667,4.322916666666667,-0.5388964477787375,-0.2780765538613078,0.0,2.0,5.0,60.0,143.0,210.0,1155.26,43.502604332187886
2024-06-29,2024-06-30,Palmerston,0,0.6246896344318901,0,17.0,13.581468672026254,0.0,2.6404543829326266,19.106666666666666,72.36666666666666,25.61083333333333,1.6365217391304347,0.6229006889202626,-0.2439968141304962,4.0,14.0,0.0,14.0,39.0,71.0,309.48,18.44337248067003
2024-06-29,2024-06-30,Stokes Hill,0,0.6228123200365782,0,12.584166666666668,16.403418559749383,0.0,2.941608024288787,32.33416666666667,75.7825,27.19083333333333,1.8804166666666668,-0.0835406618868289,-0.343826125424207,0.0,18.0,0.0,14.0,39.0,71.0,309.48,29.313577915645343
2024-06-29,2024-06-30,Winnellie,0,0.858918317713307,1,10.625,15.971390594992185,1.0,4.4289685109896,33.614583333333336,70.0125,27.17625,5.12,0.2986912632270732,-0.24222637577876,0.0,18.0,0.0,15.0,38.0,71.0,309.48,29.49374272713406
2024-06-30,2024-07-01,Palmerston,0,0.4112361276310191,0,11.7875,14.448139627589814,6.0,2.44611203831332,11.01,69.29166666666667,26.196250000000003,2.220869565217391,0.6924043451006788,0.0084200424258871,8.0,11.0,15.0,77.0,100.0,211.0,1468.49,17.752619412359714
2024-06-30,2024-07-01,Stokes Hill,0,0.367021998963051,0,12.61375,12.218168737822785,2.0,2.381547524221054,15.935,73.165,27.73375,2.2779166666666666,0.2952429981651837,-0.2420354947464592,0.0,19.0,14.0,72.0,106.0,211.0,1468.49,28.153161583923406
2024-06-30,2024-07-01,Winnellie,0,0.4748188090083261,0,14.085416666666667,11.472554747806246,1.0,2.924067667072858,13.7625,68.30833333333334,27.819166666666664,7.047916666666667,0.5379457628231741,0.023644490651824,0.0,18.0,16.0,81.0,96.0,211.0,1468.49,27.15168323862572
2024-07-01,2024-07-02,Palmerston,0,0.5420285082131592,0,9.69125,13.908057420526664,1.0,2.932981657894014,17.0,68.95833333333333,25.40041666666667,2.549166666666667,0.7063185586514932,0.2725946456724286,1.0,24.0,13.0,118.0,195.0,351.0,2153.64,8.901667223089552
2024-07-01,2024-07-02,Stokes Hill,0,0.3194030668857025,0,8.855416666666667,13.711882502666167,1.0,2.143519971776898,12.584166666666668,72.93791666666667,27.322916666666668,2.598333333333333,0.6859309730280465,-0.1511765258975791,12.0,13.0,17.0,109.0,198.0,349.0,2140.52,17.894835412821436
2024-07-01,2024-07-02,Winnellie,0,0.3878341846376062,0,8.018749999999999,14.05860017875134,2.0,2.503947040694696,10.625,66.46249999999999,27.245833333333334,8.10375,0.6366641054628365,0.0891750200917714,1.0,24.0,19.0,111.0,194.0,349.0,2140.52,13.500616382368763
2024-07-02,2024-07-03,Palmerston,0,0.4804619261417568,0,14.00875,12.162511488743576,1.0,3.036501031195274,11.7875,64.7375,24.902083333333334,2.2575,0.9275244793293186,-0.1257926659910162,7.0,25.0,53.0,303.0,423.0,811.0,5802.29,9.653917323439572
2024-07-02,2024-07-03,Stokes Hill,0,0.4384175784012931,0,11.657916666666669,11.815742992952153,0.0,2.326567330097499,12.61375,70.35541666666667,26.84875,2.828333333333333,0.6951600540287554,-0.6499952350374468,26.0,6.0,55.0,282.0,440.0,809.0,5793.94,11.606447295598384
2024-07-02,2024-07-03,Winnellie,0,0.6156780899253645,0,14.4825,12.654222437953178,0.0,3.423357294435213,14.085416666666667,63.14166666666667,26.791666666666668,8.352916666666667,0.8923698137644175,-0.2030345432084935,5.0,26.0,35.0,309.0,434.0,809.0,5793.94,5.344128224026171
2024-07-03,2024-07-04,Palmerston,0,0.5963092908240203,0,12.384583333333332,18.94650244891698,2.0,4.325921246895671,9.69125,53.275,23.38958333333333,2.14875,0.7627895641385117,-0.2887033863271389,3.0,1.0,15.0,297.0,1523.0,1839.0,18962.1,15.168254164730929
2024-07-03,2024-07-04,Stokes Hill,0,0.3528806158180203,0,,,0.0,2.9969712866562017,8.855416666666667,60.07874999999999,25.574583333333333,2.8041666666666667,0.238042072931361,-0.549088402799981,2.0,2.0,15.0,276.0,1544.0,1839.0,18962.1,20.053737443382115
2024-07-03,2024-07-04,Winnellie,0,0.5891047369409574,0,12.248333333333331,17.624709323659072,4.0,3.9964688677768585,8.018749999999999,52.825,24.925,8.144166666666667,0.4986965446394529,-0.3416905532695428,2.0,2.0,6.0,287.0,1542.0,1839.0,18962.1,21.72338746136767
2024-07-04,2024-07-05,Palmerston,0,0.8703592716660442,1,27.812083333333334,16.94599615946156,2.0,7.082649530319686,14.00875,41.56666666666667,22.16,2.79625,0.7597157442840071,-0.6151519562920235,16.0,45.0,43.0,436.0,1185.0,1725.0,16513.01,6.934719166671125
2024-07-04,2024-07-05,Winnellie,0,0.8641256892122694,1,25.03625,16.911278682646557,0.0,6.10160680634031,14.4825,39.9875,23.9325,9.54875,0.4732404962453473,-0.8430014905199186,14.0,40.0,63.0,408.0,1201.0,1726.0,16516.76,13.581766095885571
2024-07-05,2024-07-06,Palmerston,1,0.7398155918923631,0,16.322083333333335,22.152163592877606,13.0,4.80448084232084,12.384583333333332,47.68333333333334,21.025,1.9091304347826088,0.5741036850229757,-0.2644345239466031,15.0,19.0,29.0,355.0,775.0,1193.0,9094.56,3.057867915834646
2024-07-05,2024-07-06,Winnellie,1,0.7723058713692672,0,19.2275,20.417592236320367,10.0,4.742453913079063,12.248333333333331,43.8,22.87708333333333,6.977916666666666,0.3301391421196543,-0.3046695474697941,9.0,22.0,39.0,285.0,838.0,1193.0,9094.56,7.575940087087053
2024-07-06,2024-07-07,Palmerston,0,0.855607088160136,1,5.6325,19.66767909578644,5.0,4.377033230503657,27.812083333333334,70.23333333333333,22.655,1.93375,0.3684591819017777,-0.1960006636286664,1.0,10.0,17.0,191.0,295.0,514.0,2216.65,16.6304051846554
2024-07-06,2024-07-07,Winnellie,0,0.8378652155136005,1,10.09,19.932478315635347,8.0,3.999011021882261,25.03625,64.83749999999999,24.80333333333333,5.52625,0.0909684049897168,-0.272990941376125,1.0,10.0,23.0,162.0,318.0,514.0,2216.65,23.6093007233554
2024-07-07,2024-07-08,Palmerston,0,0.5764604072189775,0,5.434583333333333,9.8247612982429,0.0,3.184301090451181,16.322083333333335,71.17083333333333,25.025,1.72375,0.5707898393034446,-0.0084360843419167,0.0,72.0,35.0,204.0,165.0,476.0,3913.97,26.22570708166368
2024-07-07,2024-07-08,Winnellie,0,0.7195438430543664,0,7.92875,12.5415905890627,0.0,3.511138093053766,19.2275,68.99166666666666,26.72666666666667,5.389583333333333,0.4239502669823176,-0.2467171346286517,10.0,48.0,63.0,187.0,167.0,475.0,3913.68,21.63584502413264
2024-07-08,2024-07-09,Palmerston,0,0.2379590744120536,0,7.96125,7.940554729553461,,,5.6325,70.81666666666666,25.027083333333334,2.01125,0.8618980518735727,0.1422118604224638,3.0,13.0,10.0,145.0,430.0,601.0,4625.4,7.733212890320336
2024-07-08,2024-07-09,Stokes Hill,0,0.1664901363471374,0,13.557916666666666,9.054489858151324,1.0,1.593506101918632,,,,,,,3.0,11.0,18.0,120.0,448.0,600.0,4614.74,16.57604638899514
2024-07-08,2024-07-09,Winnellie,0,0.3952843217418601,0,,,0.0,2.6706520800600257,10.09,69.9875,26.65416666666667,6.632083333333333,0.7522115698844019,-0.034216787407833,3.0,11.0,18.0,121.0,448.0,601.0,4625.4,17.875162942611194
2024-07-09,2024-07-10,Palmerston,0,0.2361382812878305,0,9.295416666666666,9.393331385493916,1.0,1.7641455371029968,5.681304347826088,69.00833333333334,24.647916666666664,2.0825,0.779978426517998,-0.0379528358914394,0.0,3.0,5.0,204.0,431.0,643.0,6471.34,28.635180679580504
2024-07-09,2024-07-10,Stokes Hill,0,0.2289775737021874,0,14.33625,11.250811290697431,1.0,1.5642378442887028,11.934166666666668,73.5775,26.66125,2.1975,0.4422010001255412,-0.4016731311901087,0.0,2.0,14.0,194.0,399.0,609.0,6176.27,28.896244626578387
2024-07-17,2024-07-18,Palmerston,0,0.8174014379962594,1,19.46375,25.94160292116055,10.0,7.924760832636148,10.04375,35.7875,20.727083333333333,2.6595833333333334,0.9155769736814632,-0.3710482343739665,8.0,57.0,57.0,486.0,1214.0,1822.0,19410.73,6.259539210735375
2024-07-17,2024-07-18,Stokes Hill,1,0.737445492594922,0,28.874166666666667,22.34508186689861,7.0,8.432417520880968,14.49875,43.02375,24.03375,3.58375,0.4982816250666604,-0.8052015267910928,14.0,40.0,76.0,432.0,1244.0,1806.0,19312.47,13.282153471432526
2024-07-17,2024-07-18,Winnellie,1,0.6064156826440886,0,22.879166666666663,26.85354293633504,15.0,3.273984803405835,23.364166666666662,,,,,,14.0,29.0,87.0,453.0,1228.0,1811.0,19331.2,10.742004293915327
2024-07-18,2024-07-19,Palmerston,0,0.9654661759443478,1,16.812083333333334,22.212899687044803,5.0,14.834610774427166,22.615416666666665,37.0625,17.787499999999998,2.154347826086956,0.9363542125237012,-0.1848462935640334,19.0,43.0,124.0,987.0,2147.0,3320.0,22325.8,6.924251879393812
2024-07-18,2024-07-19,Stokes Hill,1,0.9266709208907437,1,17.0,25.19019856202244,11.0,9.65983061558696,28.5275,42.46041666666667,21.729166666666668,2.9566666666666666,0.3613825986481243,-0.6532748696951943,19.0,33.0,144.0,779.0,2322.0,3297.0,22215.24,12.09146836444453
2024-07-18,2024-07-19,Winnellie,0,0.9409914657585976,1,18.954583333333336,21.171227004827443,10.0,7.944914700079344,30.830416666666665,,,,,,19.0,16.0,164.0,906.0,2208.0,3313.0,22297.53,6.866924324558774
2024-07-19,2024-07-20,Palmerston,0,0.8839489632219019,1,38.173750000000005,18.850417751978156,5.0,8.659018602171793,19.46375,48.1875,17.885,2.2491666666666665,0.6793070718698994,-0.0650783517113966,13.0,4.0,72.0,339.0,994.0,1422.0,9627.03,4.309304007720279
2024-07-19,2024-07-20,Stokes Hill,0,0.9292483909766984,1,17.605416666666667,18.38869510306517,3.0,9.460559971008667,28.874166666666667,48.17083333333333,21.39,2.6704166666666667,0.3497218889694407,-0.3707164130003961,13.0,3.0,78.0,321.0,990.0,1405.0,9544.41,10.14091023809726
2024-07-19,2024-07-20,Winnellie,0,0.7954172555589505,1,28.971666666666664,20.20433315117365,7.0,4.993008349429054,22.879166666666663,,,,,,13.0,3.0,74.0,332.0,993.0,1415.0,9600.59,8.295032557064602
2024-07-20,2024-07-21,Palmerston,1,0.7160299521561407,0,18.815416666666668,25.571370120077,10.0,4.615223147333446,16.812083333333334,60.53333333333333,19.797083333333333,1.9041666666666668,0.3812778684372012,-0.2195994181760037,14.0,9.0,38.0,253.0,483.0,797.0,6636.13,16.16310958743115
2024-07-20,2024-07-21,Stokes Hill,0,0.5642014108014639,0,18.13458333333333,18.55002972708273,3.0,3.785723077857516,17.0,57.41625,23.171666666666667,2.0204166666666667,-0.1268337105780882,-0.4115893444789156,7.0,20.0,31.0,234.0,515.0,807.0,6656.31,15.85193781287066
2024-07-20,2024-07-21,Winnellie,1,0.8017014692519775,1,16.4345,20.28718049844631,5.0,5.615344331991323,18.954583333333336,56.2625,21.8275,6.307916666666666,0.1307736126862105,-0.2347481662673748,11.0,12.0,33.0,249.0,490.0,795.0,6622.82,18.508540320977364
2024-07-21,2024-07-22,Palmerston,0,0.9666533892968968,1,,,6.0,12.037474097172533,38.173750000000005,51.6375,20.66208333333333,2.107083333333333,0.8515852160725016,-0.0185102325847482,17.0,27.0,151.0,413.0,432.0,1040.0,9629.11,8.682110013429181
2024-07-21,2024-07-22,Stokes Hill,0,0.6137159641058502,0,17.60142857142857,18.84980606944491,5.0,4.6142883387869125,17.605416666666667,52.3975,23.880416666666665,2.55875,0.3103243507892195,-0.3071224198627205,8.0,39.0,146.0,382.0,469.0,1044.0,9662.34,15.846604380211904
2024-07-21,2024-07-22,Winnellie,0,0.900037664834512,1,19.166666666666668,21.089910197650767,,,28.971666666666664,46.79166666666666,22.774583333333336,7.376666666666666,0.6300484834580754,-0.1697789421410935,8.0,34.0,144.0,404.0,450.0,1040.0,9629.11,17.15390419009969
2024-07-22,2024-07-23,Stokes Hill,0,0.6465040475270504,0,25.25208333333333,17.690339428891406,,,18.13458333333333,52.89291666666667,23.805000000000003,2.314583333333333,0.5588930552037074,-0.442001991782079,2.0,27.0,275.0,474.0,847.0,1625.0,12602.39,21.76027101819792
2024-07-22,2024-07-23,Winnellie,0,0.799572006936181,1,20.411666666666665,17.07629364291801,4.0,7.646682418879411,16.4345,43.57391304347826,22.97869565217391,7.76304347826087,0.7852472953427904,-0.1394731193476104,1.0,31.0,261.0,493.0,844.0,1630.0,12681.61,18.665264059067805
2024-07-23,2024-07-24,Stokes Hill,1,0.4971293802119048,0,19.141666666666666,20.29777898430632,10.0,3.465750968694492,17.60142857142857,59.69136363636364,24.05636363636364,1.6904545454545454,0.1480623641698092,-0.1980037436799959,4.0,22.0,285.0,495.0,965.0,1771.0,14651.03,12.3824412714746
2024-07-23,2024-07-24,Winnellie,0,0.5583231026584144,0,16.881666666666664,17.841293047541324,4.0,3.514432034831643,19.166666666666668,,,,,,1.0,26.0,271.0,514.0,1009.0,1821.0,15064.81,17.601095907341804
2024-07-24,2024-07-25,Stokes Hill,0,0.7291545974741803,0,11.2725,16.67378714941323,6.0,3.9118366309859582,25.25208333333333,69.06458333333333,24.885416666666668,1.4608333333333334,0.0971605006562238,-0.2125892735693513,1.0,0.0,43.0,207.0,621.0,872.0,6654.4800000000005,22.93316794227062
2024-07-24,2024-07-25,Winnellie,0,0.6938779826030552,0,,,4.0,3.4971659534909034,20.411666666666665,,,,,,0.0,1.0,38.0,212.0,634.0,885.0,6780.19,27.40685059498636
2024-07-30,2024-07-31,Palmerston,0,0.7466837106269514,0,14.874166666666667,13.597241863216638,0.0,4.617062115380767,18.430833333333336,61.90833333333333,23.65833333333333,2.2466666666666666,0.8456702391244902,-0.0063559472788152,1.0,0.0,0.0,244.0,193.0,438.0,5430.8,21.848091851865725
2024-07-30,2024-07-31,Stokes Hill,0,0.4776364278295115,0,11.523333333333332,12.217995620414356,0.0,2.5628116023977943,15.5425,67.59333333333333,26.40458333333333,2.61,0.5451726344935223,-0.4666481120939306,0.0,1.0,1.0,197.0,238.0,437.0,5426.2,32.9168826294428
2024-07-31,2024-08-01,Palmerston,0,0.4957771230173268,0,11.29,12.822236547193956,3.0,3.153756081865427,8.23875,57.69583333333333,24.417916666666667,2.05625,0.737262836565406,-0.1558363933286418,2.0,3.0,12.0,211.0,659.0,887.0,6766.45,21.59094313514628
2024-07-31,2024-08-01,Stokes Hill,0,0.3339904036015504,0,13.395833333333334,11.09939912429204,1.0,2.079782197021044,10.322083333333332,63.53833333333333,27.063333333333333,2.1791666666666667,0.367259946424312,-0.4414431480492913,0.0,5.0,12.0,195.0,585.0,797.0,6033.52,30.179902559751486
2024-08-01,2024-08-02,Palmerston,0,0.4492938488028029,0,9.5,14.522714387263443,0.0,2.2711935398421987,14.874166666666667,64.29583333333333,23.4375,2.115416666666667,0.7187723038517463,0.1634201568806071,3.0,2.0,15.0,206.0,424.0,650.0,5406.82,23.80520120271962
2024-08-01,2024-08-02,Stokes Hill,0,0.2305327305712083,0,9.993333333333334,12.714329608511576,1.0,1.4711705098690686,11.523333333333332,68.36541666666666,26.405833333333334,1.9341666666666668,0.4999145241596155,-0.0218142041997281,0.0,5.0,17.0,186.0,358.0,566.0,4263.63,29.841875054047588
2024-08-02,2024-08-03,Palmerston,0,0.4872999561973054,0,9.068333333333332,12.745322841340162,,,11.29,59.76666666666667,23.77916666666667,2.254583333333333,0.8711758339196982,0.1675177442960658,1.0,2.0,12.0,150.0,350.0,515.0,4044.22,15.466983078964445
2024-08-02,2024-08-03,Stokes Hill,0,0.3582272874354205,0,9.373333333333331,11.03223109542721,0.0,1.8918308993907291,13.395833333333334,66.13541666666667,26.40958333333333,2.23375,0.7258569680707171,-0.212305520591069,3.0,0.0,14.0,118.0,363.0,498.0,3934.44,12.7081333159971
2024-08-03,2024-08-04,Palmerston,0,0.3449382839288126,0,9.96,11.871456847705485,0.0,1.877631437899126,9.998695652173913,64.70416666666667,22.850416666666664,2.34375,0.4972256551081646,0.0738105095296073,4.0,6.0,25.0,198.0,320.0,553.0,4161.18,18.34530999449049
2024-08-03,2024-08-04,Stokes Hill,0,0.1765477292941401,0,8.947916666666666,10.248778897810704,0.0,1.196216168903185,9.993333333333334,69.91458333333334,26.00791666666667,1.9366666666666663,0.1349022456803127,-0.0206789626462399,0.0,10.0,29.0,128.0,369.0,536.0,4082.2,25.316711123760967
2024-08-04,2024-08-05,Palmerston,0,0.2749406806085646,0,16.294583333333332,11.785737815002474,0.0,1.517362116281585,9.068333333333332,68.12916666666666,22.689166666666665,2.025,0.4342913947161917,-0.0963709403829052,1.0,0.0,16.0,150.0,172.0,339.0,2459.8,23.015718935915363
2024-08-04,2024-08-05,Stokes Hill,0,0.1606086827352809,0,12.527083333333332,9.621928783366084,0.0,1.0717784172812357,9.373333333333331,71.03833333333334,25.912916666666664,2.0404166666666668,0.1158320457871032,-0.2118811295132736,1.0,0.0,18.0,126.0,194.0,339.0,2459.8,24.83835890140364
2024-08-05,2024-08-06,Palmerston,0,0.2726108460149899,0,24.354166666666668,14.310544365336238,3.0,1.5289315106568857,9.96,70.3875,22.88875,2.2245833333333334,0.514297862637907,0.1659153526541787,2.0,0.0,24.0,83.0,131.0,240.0,1706.32,17.060462695132582
2024-08-05,2024-08-06,Stokes Hill,0,0.1496757236837174,0,15.612083333333333,13.036235685406623,1.0,1.0900366207814292,8.947916666666666,73.88791666666667,25.83875,2.025,0.4555197341957959,-0.0235283521765743,0.0,2.0,7.0,72.0,159.0,240.0,1706.32,29.063550709257925
2024-08-06,2024-08-07,Palmerston,0,0.5576660723104795,0,20.64708333333333,20.65148670695265,4.0,2.51195989182887,16.294583333333332,63.05833333333334,23.835416666666664,2.0900000000000003,0.8444069341379931,0.1029985344668891,23.0,8.0,52.0,194.0,172.0,449.0,5688.62,8.444538280113182
2024-08-06,2024-08-07,Stokes Hill,0,0.3613219153020624,0,19.53833333333333,16.15949114124973,4.0,1.8012286420372894,12.527083333333332,70.74624999999999,26.350416666666664,1.924583333333333,0.6318632146864825,-0.1607923008508618,21.0,10.0,11.0,125.0,282.0,449.0,5680.41,9.323437293732152
2024-08-07,2024-08-08,Palmerston,0,0.8478200042921824,1,13.5425,21.988773473216003,8.0,4.291486171021206,24.354166666666668,59.625,24.300833333333333,2.199583333333333,0.793398989497453,-0.1330336513554121,30.0,26.0,40.0,337.0,539.0,972.0,8485.08,6.516421595723648
2024-08-07,2024-08-08,Stokes Hill,0,0.5052530226332745,0,13.9675,18.20491140032194,4.0,1.9980567459192915,15.612083333333333,66.23166666666667,27.17625,2.08875,0.2240926360552473,-0.506130913532694,30.0,26.0,53.0,275.0,622.0,1006.0,9062.18,12.583093288665143
2024-08-08,2024-08-09,Palmerston,0,0.7722947674549204,0,,,,,20.64708333333333,61.79583333333333,23.32208333333333,2.092608695652174,0.5667089270530044,-0.1766622605028798,12.0,68.0,63.0,334.0,900.0,1377.0,13032.44,9.892219957204984
2024-08-08,2024-08-09,Stokes Hill,0,0.5260099565455739,0,27.855833333333333,17.890323909164422,0.0,2.6380899924117425,19.53833333333333,67.90708333333333,26.702916666666667,1.596666666666667,0.0133407851781271,-0.1286055617065426,10.0,70.0,76.0,240.0,907.0,1303.0,12309.7,16.194971579134812
2024-08-09,2024-08-10,Stokes Hill,1,0.5365084582903131,0,22.365,21.913286492466867,12.0,3.113603305140792,13.9675,51.04125,26.03875,2.228333333333333,0.061872153912264,-0.2989637526664676,17.0,62.0,56.0,189.0,574.0,898.0,7930.76,8.261394324415274
2024-08-10,2024-08-11,Stokes Hill,0,0.7575304371456218,0,12.939583333333331,21.990846091941883,12.0,3.1695499804440037,27.855833333333333,68.64583333333333,25.86958333333333,1.6125,0.0610875815268373,-0.0594397660686282,1.0,36.0,34.0,102.0,485.0,658.0,4351.93,9.281220757951935
2024-08-11,2024-08-12,Stokes Hill,0,0.6540739343145835,0,17.0325,14.5109341041902,0.0,3.283249043339514,22.365,65.18416666666667,26.417916666666667,1.5133333333333334,0.2399883672636696,-0.0743164984108708,5.0,38.0,41.0,167.0,451.0,702.0,6899.06,23.666836163883215
2024-08-12,2024-08-13,Stokes Hill,0,0.2217825085094628,0,15.8225,14.510411698918926,2.0,1.7115401796565142,12.939583333333331,66.82791666666667,25.94083333333333,1.51,0.0116247594090324,-0.3370420694936635,0.0,31.0,100.0,191.0,544.0,866.0,6635.08,26.588073430012
2024-08-13,2024-08-14,Palmerston,0,0.2414359852268202,0,12.691250000000002,16.88123821961122,1.0,1.8740678390739545,,68.75416666666666,22.59,1.9947826086956524,0.0196169818276649,-0.0201124775168629,4.0,30.0,64.0,296.0,1415.0,1809.0,14834.39,19.49712585510579
2024-08-13,2024-08-14,Stokes Hill,0,0.3464072905809497,0,12.642083333333334,14.941390742985154,1.0,1.7607998051187512,17.0325,70.9175,25.94666666666667,1.8966666666666665,-0.2719158016615325,0.032215537774167,7.0,27.0,77.0,218.0,1280.0,1609.0,13348.51,14.59793406893721
2024-08-13,2024-08-14,Winnellie,0,0.2646850022027966,0,13.429166666666667,15.070082763227033,2.0,1.8002295279346383,,,,,,,8.0,26.0,84.0,261.0,1350.0,1729.0,14092.02,20.634122482358705
2024-08-14,2024-08-15,Palmerston,0,0.5421533194334779,0,23.03,15.067322069835196,1.0,2.090820312344354,17.81625,72.70833333333333,22.325,2.2179166666666665,-0.2467772342190363,0.3271721449481689,2.0,7.0,33.0,165.0,1382.0,1589.0,12904.99,14.141225390639242
2024-08-14,2024-08-15,Stokes Hill,0,0.3389109391863887,0,18.4475,12.083669847447542,0.0,1.7521853085917147,15.8225,71.18875,26.175416666666667,1.2725,-0.1161054186353763,0.5369518139971525,2.0,7.0,31.0,147.0,1186.0,1373.0,10665.25,21.86355462772573
2024-08-14,2024-08-15,Winnellie,0,0.5993967268425435,0,17.82125,14.916600721166006,0.0,2.38740627885425,17.072916666666668,,,,,,2.0,7.0,31.0,157.0,1322.0,1519.0,12381.95,16.491923348260322
2024-08-15,2024-08-16,Palmerston,0,0.4232117850607149,0,20.480833333333333,19.19298784727063,6.0,2.025935025398407,12.691250000000002,71.95833333333333,22.874583333333334,2.1675,0.1409533864237025,0.1550909655941517,2.0,5.0,5.0,67.0,1306.0,1385.0,13916.11,13.238302454961422
2024-08-15,2024-08-16,Stokes Hill,0,0.2405650816393196,0,17.457083333333333,16.323183185798914,4.0,1.5152572327835745,12.642083333333334,73.78750000000001,26.11916666666667,1.86375,-0.0745060703881298,0.0408241398052236,4.0,3.0,6.0,57.0,1034.0,1104.0,10859.56,15.145918272642737
2024-08-15,2024-08-16,Winnellie,0,0.4789952554585593,0,17.455833333333334,16.06557261290298,3.0,1.9882548205858803,13.429166666666667,70.40833333333333,25.49375,5.87625,0.0244935509089474,0.2440195514058219,4.0,3.0,6.0,60.0,1154.0,1227.0,12126.01,15.668656171981793
2024-08-16,2024-08-17,Palmerston,0,0.7803746381197018,1,16.18625,19.616731855894205,5.0,3.45390437149268,23.03,65.92083333333333,23.47,2.07375,0.1665606188028033,0.3545773184309568,20.0,0.0,16.0,43.0,1124.0,1203.0,10771.02,4.149827568344916
2024-08-16,2024-08-17,Stokes Hill,0,0.5557922620445477,0,14.979166666666666,15.842167710075955,1.0,2.355293442412788,18.4475,68.03541666666666,26.58583333333333,1.7604166666666667,0.1962104953714431,0.4002780365635449,20.0,0.0,17.0,33.0,973.0,1043.0,9554.49,16.259825795832015
2024-08-16,2024-08-17,Winnellie,0,0.6626792721410649,0,13.744166666666668,17.41422337735904,1.0,2.634381497522148,17.82125,,,,,,20.0,0.0,17.0,33.0,1078.0,1148.0,10298.64,14.52626071400146
2024-08-17,2024-08-18,Palmerston,0,0.6720192129517777,0,11.97375,16.587668354321583,1.0,3.090493864618683,20.480833333333333,68.0125,23.169166666666666,1.9756521739130437,0.2951310460560983,0.1835049111821284,0.0,1.0,23.0,110.0,984.0,1118.0,10334.37,27.173190772316147
2024-08-17,2024-08-18,Stokes Hill,0,0.3943920816583197,0,11.463333333333331,14.264821988852324,0.0,1.8219132849172963,17.457083333333333,72.24541666666666,26.43375,1.3954166666666667,0.1461412883313966,0.2484373576044602,0.0,1.0,23.0,98.0,884.0,1006.0,8424.95,36.68813773849524
2024-08-17,2024-08-18,Winnellie,0,0.4443046869598386,0,11.86,13.996086325193072,0.0,2.700531378661956,17.455833333333334,,,,,,0.0,1.0,23.0,98.0,944.0,1066.0,8880.83,37.98636201321686
2024-08-18,2024-08-19,Palmerston,0,0.4463073123996002,0,11.669583333333334,14.190390400039597,0.0,2.167869593503566,16.18625,71.07083333333334,23.290000000000003,2.1308333333333334,0.217548534930058,0.2535304909535175,0.0,5.0,25.0,154.0,726.0,910.0,7843.8,31.95610006785045
2024-08-18,2024-08-19,Stokes Hill,0,0.2891739820420694,0,9.952916666666669,11.36016401870366,1.0,1.5437354427974108,14.979166666666666,72.64083333333333,26.674166666666665,1.8591666666666664,0.1861673988709247,0.4352256283978727,0.0,5.0,25.0,146.0,654.0,830.0,7046.58,38.33439627419194
2024-08-18,2024-08-19,Winnellie,0,0.4187351205115909,0,10.180416666666668,12.272284409054356,0.0,1.8253926918280257,13.744166666666668,,,,,,0.0,5.0,25.0,149.0,689.0,868.0,7358.88,32.001336739927204
2024-08-19,2024-08-20,Palmerston,0,0.3890912386171548,0,20.61,13.478728415463678,1.0,2.132511721849099,11.97375,64.52499999999999,24.10291666666667,2.3163636363636364,0.2105066557597446,0.3884893569528693,2.0,5.0,41.0,87.0,720.0,855.0,8501.32,15.119600906395537
2024-08-19,2024-08-20,Stokes Hill,0,0.2343524469453929,0,14.698333333333332,10.964219810569638,0.0,1.6109164326914296,11.463333333333331,68.54375,27.26083333333333,1.8425,0.2828681658209509,0.3288679556766334,3.0,4.0,41.0,81.0,635.0,764.0,7788.84,6.651211236763252
2024-08-19,2024-08-20,Winnellie,0,0.3697236179597559,0,12.486666666666666,11.216935273458224,0.0,1.972008261579463,11.86,,,,,,3.0,4.0,41.0,81.0,697.0,826.0,8320.78,4.238627427993007
2024-08-20,2024-08-21,Palmerston,0,0.4475829718453167,0,8.442916666666667,15.074576224763762,5.0,2.2694702393318296,11.669583333333334,62.05833333333334,24.29041666666667,2.157083333333333,0.5604862957906355,-0.0098641144510341,4.0,5.0,15.0,61.0,438.0,523.0,4970.28,4.841729960868384
2024-08-20,2024-08-21,Stokes Hill,0,0.2060913760008719,0,10.184166666666666,12.576426401532498,1.0,1.313091435975979,9.952916666666669,67.50583333333334,27.49083333333333,1.97875,0.0988474307254646,-0.1136035346591609,4.0,5.0,15.0,57.0,395.0,476.0,4735.27,16.30496995477532
2024-08-20,2024-08-21,Winnellie,0,0.3099449192887606,0,9.515416666666669,12.649366782641028,1.0,1.6047197076242197,10.180416666666668,,,,,,4.0,5.0,15.0,53.0,425.0,502.0,4865.52,15.28021500671487
2024-08-21,2024-08-22,Palmerston,0,0.5756962904716971,0,9.290833333333332,11.092110205727272,1.0,1.9795172935354663,20.61,69.19583333333334,24.91625,2.1104166666666666,0.227516278088753,-0.2665824210792319,18.0,2.0,7.0,25.0,219.0,271.0,2389.48,7.863568354900575
2024-08-21,2024-08-22,Stokes Hill,0,0.25027193790261,0,10.844166666666666,10.201685499265947,0.0,1.0013327458283576,14.698333333333332,75.7325,27.64583333333333,1.7699999999999998,-0.4373100006929753,-0.1071165512146236,18.0,2.0,7.0,25.0,215.0,267.0,2363.28,19.27956352614255
2024-08-21,2024-08-22,Winnellie,0,0.425724984174841,0,9.893333333333333,10.687406515835956,0.0,1.5698921195257516,12.486666666666666,,,,,,18.0,2.0,3.0,29.0,215.0,267.0,2363.28,18.919425732714192
2024-08-22,2024-08-23,Palmerston,0,0.1575808887180928,0,6.654583333333334,10.63709792895322,0.0,0.9685331035203272,8.442916666666667,73.11666666666666,24.880416666666665,2.0086363636363638,0.1659208132536565,0.0431003045427924,0.0,0.0,21.0,49.0,85.0,155.0,931.56,56.46024336342671
2024-08-22,2024-08-23,Stokes Hill,0,0.1072612347959665,0,7.154583333333334,10.442482386453737,0.0,0.7071190204325664,10.184166666666666,77.67291666666667,27.561666666666667,1.46125,-0.1427039854705287,0.0794278862731077,0.0,0.0,19.0,51.0,82.0,152.0,915.57,67.86546351231088
2024-08-22,2024-08-23,Winnellie,0,0.2346262782843779,0,8.482083333333334,11.017352342095132,0.0,1.0962049472565356,9.515416666666669,,,,,,0.0,0.0,11.0,59.0,85.0,155.0,931.56,67.38776331633939
2024-08-23,2024-08-24,Palmerston,0,0.1932717833744496,0,10.00125,9.095680055687032,0.0,1.0803070656429083,9.290833333333332,72.77916666666667,25.29083333333333,2.245416666666667,0.0956622271628881,-0.3076675869533236,0.0,28.0,52.0,26.0,176.0,282.0,2736.07,29.29150794985508
2024-08-23,2024-08-24,Stokes Hill,0,0.1023531148467202,0,8.91625,7.895794201480536,0.0,0.7406028102461919,10.844166666666666,77.78208333333333,27.917916666666667,2.0729166666666665,-0.4951445590217372,-0.2587964877125777,0.0,28.0,52.0,26.0,166.0,272.0,2547.52,34.32234616130016
2024-08-23,2024-08-24,Winnellie,0,0.2610086304750116,0,10.0075,9.883470223368706,0.0,1.300580875262653,9.893333333333333,,,,,,0.0,28.0,52.0,27.0,169.0,276.0,2696.35,28.021644749717574
2024-08-24,2024-08-25,Palmerston,0,0.1222801138373113,0,,,2.0,0.8938285183503557,6.654583333333334,74.10833333333333,25.24291666666667,2.185416666666667,0.3126905554546787,-0.0953498255569461,0.0,15.0,144.0,85.0,210.0,454.0,3006.27,30.40909692798725
2024-08-24,2024-08-25,Stokes Hill,0,0.0661264822280486,0,12.095416666666669,8.34059365127386,0.0,0.6663934858459067,7.154583333333334,77.68083333333333,27.93625,1.8083333333333331,0.0252991799803788,-0.1816303991831898,0.0,15.0,143.0,84.0,209.0,451.0,2997.98,35.618165650781606
2024-08-24,2024-08-25,Winnellie,0,0.1813042462929251,0,11.047083333333331,10.704564097390794,0.0,1.1487273159295068,8.482083333333334,,,,,,0.0,15.0,144.0,79.0,215.0,453.0,3005.38,29.28672269040804
2024-08-25,2024-08-26,Stokes Hill,0,0.0829972808416913,0,21.68166666666667,12.486005987066326,0.0,0.724611514723903,8.91625,79.79583333333333,28.0775,1.4974999999999998,-0.1539454196697209,0.0365431916252764,1.0,21.0,108.0,49.0,211.0,390.0,3388.61,15.398142382371985
2024-08-25,2024-08-26,Winnellie,0,0.2439474398211567,0,,,0.0,1.2928201663079004,10.0075,,,,,,1.0,21.0,114.0,38.0,223.0,397.0,3441.2,21.515994395111917
2024-08-26,2024-08-27,Stokes Hill,0,0.1965659567344217,0,10.375833333333334,15.850989134233773,7.0,1.2591133831610493,12.095416666666669,74.39833333333333,27.973333333333333,1.8079166666666664,0.2855588562115033,0.3827040313542604,2.0,53.0,88.0,133.0,167.0,443.0,5633.06,20.150672109159203
2024-08-27,2024-08-28,Palmerston,0,0.2076144710430052,0,7.135416666666667,14.79760424416575,0.0,1.7167165732645442,,68.99166666666666,24.343333333333334,2.15125,0.4735277943183957,0.4723750641935322,0.0,24.0,43.0,84.0,261.0,412.0,4966.09,26.22724136546267
2024-08-27,2024-08-28,Stokes Hill,0,0.4850914057082328,0,8.391,12.941841374548057,0.0,2.146091022216228,21.68166666666667,73.68208333333332,27.44833333333333,1.8320833333333333,0.5870944442390897,0.2790478579033668,1.0,23.0,35.0,92.0,218.0,369.0,4736.32,22.18096734381306
2024-08-27,2024-08-28,Winnellie,0,0.2069876701676286,0,7.1025,10.54930694620794,,,,,,,,,0.0,24.0,50.0,77.0,218.0,369.0,4736.32,27.635541466382342
2024-08-28,2024-08-29,Palmerston,0,0.5067006454344736,0,6.072500000000001,11.949156110012794,0.0,2.151057426197136,13.660833333333334,62.0375,24.977500000000003,1.8225,0.6777032463525621,0.2366286951874492,0.0,20.0,23.0,70.0,168.0,281.0,1703.98,26.628605957769796
2024-08-28,2024-08-29,Stokes Hill,0,0.2517890977136657,0,7.434166666666666,9.674754027327328,,,10.375833333333334,67.94166666666666,27.99083333333333,1.88875,0.5656921478199978,0.2482527121554444,12.0,8.0,23.0,58.0,163.0,264.0,1640.68,21.80439735258326
2024-08-28,2024-08-29,Winnellie,0,0.2879706688258151,0,5.570416666666667,10.486864590411455,0.0,1.6370302080843802,8.518695652173914,63.0375,27.31833333333333,5.745416666666667,0.4591115653143224,0.3926838985631527,0.0,20.0,40.0,40.0,164.0,264.0,1640.68,27.3755470155359
2024-08-29,2024-08-30,Palmerston,0,0.2848344066168117,0,7.388333333333333,8.927564177667106,0.0,1.5615739227400822,7.135416666666667,60.625,24.792916666666667,2.072083333333333,0.5548844890497022,0.2624615323145127,0.0,12.0,17.0,46.0,187.0,262.0,2383.03,34.285531287182806
2024-08-29,2024-08-30,Stokes Hill,0,0.176693386780976,0,8.24625,8.675937414923018,,,8.391,66.06285714285714,27.99809523809524,2.0204166666666667,0.5314380640052426,0.3387185237461729,2.0,10.0,17.0,47.0,176.0,252.0,2263.51,23.878355632087573
2024-08-29,2024-08-30,Winnellie,0,0.2966394571217201,0,6.635000000000001,7.730796648974521,0.0,1.6282656274285354,7.1025,55.53333333333333,28.664444444444445,7.919444444444445,0.3477771157433513,0.549748978832746,0.0,10.0,20.0,45.0,177.0,252.0,2263.51,29.329424119530405
2024-08-30,2024-08-31,Palmerston,0,0.1252230504746611,0,6.492916666666667,9.225524701360465,0.0,0.8195344191954861,6.072500000000001,70.01666666666667,24.433333333333334,2.48625,-0.32235265384779,0.194962267653771,0.0,12.0,13.0,69.0,201.0,295.0,2319.3,34.98022537369252
2024-08-30,2024-08-31,Stokes Hill,0,0.1156060848260194,0,7.77875,8.40569077547365,0.0,0.9129530715298624,7.803478260869565,69.55166666666666,27.895416666666662,1.5983333333333334,0.0237565384336449,0.6232551699530601,0.0,12.0,13.0,67.0,166.0,258.0,1953.4,35.934900275132456
2024-08-30,2024-08-31,Winnellie,0,0.1654040138739152,0,6.0200000000000005,8.021432601360246,0.0,0.9960482957380574,5.570416666666667,,,,,,0.0,12.0,13.0,63.0,170.0,258.0,1953.4,30.08436262645172
2024-08-31,2024-09-01,Palmerston,0,0.1401213718226703,0,7.39875,9.696250699754744,0.0,0.8877164316220537,7.388333333333333,73.77916666666667,24.651666666666667,2.42375,-0.3557264543791946,0.2978783112510348,1.0,2.0,8.0,56.0,215.0,282.0,2379.56,4.106266939578641
2024-08-31,2024-09-01,Stokes Hill,0,0.1144010205059079,0,10.677916666666668,9.13548893585734,0.0,0.9277940510393607,8.24625,75.65041666666667,27.70875,1.4662499999999998,0.1185598169883956,0.5221241195884138,1.0,2.0,8.0,56.0,172.0,239.0,2039.92,10.279194113988954
2024-08-31,2024-09-01,Winnellie,0,0.1990960505023767,0,7.599166666666666,8.237085281537775,0.0,1.1304152703312458,6.635000000000001,,,,,,1.0,2.0,8.0,56.0,172.0,239.0,2039.92,11.49576625560252
2024-09-01,2024-09-02,Palmerston,0,0.1182425009304792,0,56.73125,9.940329365283295,0.0,0.7688036824075792,6.492916666666667,67.74583333333334,25.050833333333333,2.567916666666666,0.2832037657285671,0.6401851985468856,2.0,14.0,0.0,45.0,206.0,267.0,2870.81,20.433117863435957
2024-09-01,2024-09-02,Stokes Hill,0,0.0917144459047739,0,,,0.0,0.7169575048441484,7.77875,70.64458333333333,28.01458333333333,2.56875,0.5312099683451718,0.5385303782992065,0.0,16.0,0.0,45.0,191.0,252.0,2695.73,28.50505050348004
2024-09-01,2024-09-02,Winnellie,0,0.1179480776984715,0,7.545416666666667,8.975353069716732,0.0,0.7030546178185918,6.0200000000000005,,,,,,2.0,14.0,0.0,45.0,191.0,252.0,2695.73,22.999006009304363
2024-09-02,2024-09-03,Palmerston,1,0.1562204903245074,0,7.811666666666666,23.00841463371046,7.0,0.8626177426596,7.39875,62.67916666666667,26.210416666666664,2.029130434782609,0.4485035783047263,0.3909521028501936,0.0,7.0,7.0,163.0,298.0,475.0,3644.68,33.13796107470994
2024-09-02,2024-09-03,Winnellie,0,0.1335745246677978,0,8.622083333333334,9.970171971328492,0.0,0.732787895940253,7.599166666666666,,,,,,0.0,7.0,7.0,163.0,292.0,469.0,3621.88,33.619133356559345
2024-09-03,2024-09-04,Palmerston,0,0.9446428156261778,1,14.679166666666667,17.712982466153534,0.0,3.831039218762049,56.73125,65.625,25.47458333333333,2.4745833333333334,0.3787011896807475,0.115609469053654,5.0,49.0,13.0,207.0,425.0,699.0,6628.6,7.260884664519657
2024-09-03,2024-09-04,Winnellie,0,0.1484482910718295,0,11.650416666666668,9.767619895565998,0.0,0.8544174385713471,7.545416666666667,,,,,,5.0,20.0,42.0,191.0,413.0,671.0,6230.28,17.014629306978787
2024-09-04,2024-09-05,Palmerston,0,0.1471316743373197,0,8.554583333333333,13.595909585756123,2.0,1.20279539536336,7.811666666666666,66.30416666666666,26.09208333333333,2.6758333333333333,0.0018937306237923,0.0052963129067819,0.0,16.0,15.0,193.0,432.0,656.0,5977.73,28.89128640573211
2024-09-04,2024-09-05,Winnellie,0,0.1553388464354852,0,8.84,11.31361757414587,2.0,0.8291177118340622,8.622083333333334,,,,,,0.0,5.0,26.0,164.0,420.0,615.0,5407.38,27.941219939288413
2024-09-05,2024-09-06,Palmerston,0,0.3515669577305892,0,9.0225,11.92255494635628,0.0,1.929430041304844,14.679166666666667,60.92083333333333,25.67458333333333,2.575416666666667,0.6671470209649729,0.5745380671848521,13.0,10.0,21.0,135.0,182.0,361.0,2840.85,3.635249276307715
2024-09-05,2024-09-06,Stokes Hill,0,0.0722957527899102,0,7.567916666666666,8.646795739036007,,,,,,,,,2.0,20.0,22.0,95.0,200.0,339.0,2678.92,10.804314438791597
2024-09-05,2024-09-06,Winnellie,0,0.2304427270810579,0,7.638333333333333,11.017113889284817,0.0,0.9930451082015674,11.650416666666668,,,,,,11.0,11.0,22.0,95.0,200.0,339.0,2678.92,11.747688620866926
2024-09-06,2024-09-07,Palmerston,0,0.1983093877432631,0,13.276666666666666,11.310233049397782,0.0,1.060969200419302,8.554583333333333,62.5375,25.67708333333333,2.658333333333333,0.7124026256697672,0.2665136151081406,0.0,1.0,11.0,90.0,54.0,156.0,703.8199999999999,36.212610742300434
2024-09-06,2024-09-07,Stokes Hill,0,0.1150701385960452,0,21.74708333333333,9.040430346846502,0.0,0.7958253620616896,8.979565217391304,68.30333333333333,28.50583333333333,3.08625,0.7990078951812988,4.550952795702792e-05,0.0,1.0,11.0,60.0,79.0,151.0,697.88,42.13503165202197
2024-09-06,2024-09-07,Winnellie,0,0.2403418918564915,0,23.07625,9.1532105334942,0.0,1.1090837292006857,8.84,60.89523809523809,28.576666666666668,8.977142857142857,0.788926048817719,0.2979837498810428,0.0,1.0,11.0,60.0,81.0,153.0,700.96,35.933516030009585
2024-09-07,2024-09-08,Palmerston,0,0.2058524785496277,0,16.330000000000002,15.692365161579964,2.0,1.1622171645274573,9.0225,60.85,26.326666666666668,2.34125,0.7415120170621745,0.2405840971049394,5.0,5.0,101.0,171.0,119.0,401.0,4431.88,23.849117877894997
2024-09-07,2024-09-08,Stokes Hill,0,0.0923047947524544,0,8.012500000000001,14.81493000911787,5.0,0.7934740329630906,7.567916666666666,67.63291666666667,28.83333333333333,2.74,0.7275424990320408,-0.0610769462614524,0.0,8.0,83.0,166.0,142.0,399.0,4400.47,35.84863011680721
2024-09-07,2024-09-08,Winnellie,0,0.119415573521239,0,9.048333333333334,18.7237577586779,6.0,0.7630297324470203,7.638333333333333,,,,,,0.0,8.0,41.0,211.0,141.0,401.0,4431.88,34.222140017140006
2024-09-08,2024-09-09,Palmerston,0,0.4413574429267833,0,7.96375,18.40480573821528,5.0,1.650121976406617,13.276666666666666,60.61666666666667,25.789583333333336,2.3429166666666665,0.6476843819425159,0.3058808568176178,34.0,35.0,36.0,305.0,149.0,559.0,7773.21,3.846661868861399
2024-09-08,2024-09-09,Stokes Hill,0,0.3609802445942385,0,9.034583333333334,12.97661177964766,0.0,1.5607626438890971,21.74708333333333,66.77583333333334,28.552916666666665,2.2566666666666664,0.7398759619851067,0.1073905354943409,3.0,63.0,20.0,281.0,189.0,556.0,7766.150000000001,11.895495735531057
2024-09-08,2024-09-09,Winnellie,0,0.7377172239446107,0,7.600416666666667,13.964800344155794,0.0,2.470902590913695,23.07625,60.2,28.31833333333333,7.331666666666667,0.6752397623595513,0.3773555824901457,28.0,38.0,18.0,285.0,187.0,556.0,7766.150000000001,6.141365927840108
2024-09-09,2024-09-10,Palmerston,0,0.6077030128268426,0,9.589166666666666,15.54254531140269,0.0,2.264362416741896,16.330000000000002,55.025,25.87125,2.36875,0.6561655820813591,0.3594878781519688,25.0,16.0,37.0,410.0,545.0,1033.0,12938.11,18.795747765243423
2024-09-09,2024-09-10,Stokes Hill,0,0.1665926376727061,0,11.70875,10.603727356038092,1.0,1.3253856988085913,8.012500000000001,61.99625,28.56041666666667,2.095833333333333,0.5898441096769049,0.0957440653379424,7.0,32.0,39.0,319.0,635.0,1032.0,12926.36,22.07053529529025
2024-09-09,2024-09-10,Winnellie,0,0.2292547667183704,0,,,0.0,1.2283512092182325,9.048333333333334,,,,,,18.0,21.0,39.0,347.0,607.0,1032.0,12926.36,22.39483340926021
2024-09-10,2024-09-11,Palmerston,0,0.3763547775553947,0,15.484583333333331,12.798440902885435,0.0,1.7613648031127669,7.96375,53.34583333333333,26.35833333333333,2.480833333333333,0.622823129709619,0.0710373230626298,27.0,25.0,37.0,622.0,705.0,1416.0,13398.56,6.041345749739284
2024-09-10,2024-09-11,Stokes Hill,0,0.1427475374229223,0,9.110833333333334,10.76637540313317,3.0,1.0669968759357071,9.034583333333334,60.4925,29.26125,2.029583333333333,0.2289803052836571,0.12723475143941,12.0,40.0,40.0,576.0,745.0,1413.0,13395.71,11.439199212343368
2024-09-11,2024-09-12,Palmerston,0,0.2448417391375847,0,34.55166666666667,16.79644443874526,5.0,1.3792494587534032,9.589166666666666,61.94583333333333,25.40083333333333,2.208333333333333,0.252901979494057,-0.1041291520649288,2.0,22.0,28.0,466.0,791.0,1309.0,15451.39,7.858189362412709
2024-09-11,2024-09-12,Stokes Hill,0,0.1545142907566326,0,9.095,11.169838726636344,0.0,0.8603457667773126,11.70875,66.38666666666667,28.84708333333333,1.6729166666666666,-0.317166716635147,-0.105745198197209,7.0,7.0,47.0,286.0,962.0,1309.0,15451.39,16.817737285317435
2024-09-12,2024-09-13,Palmerston,1,0.4343498996558196,0,28.355833333333333,25.672182763956855,9.0,2.335792422732645,15.484583333333331,61.375,25.65375,2.513333333333333,0.4031995148088541,-0.0332536875167469,3.0,18.0,118.0,557.0,1391.0,2087.0,25597.84,21.943590004761017
2024-09-12,2024-09-13,Stokes Hill,0,0.1642662990228636,0,16.87,10.245885648424036,,,9.110833333333334,66.79125,28.83833333333333,1.8825,0.0505564142996914,-0.115835141832292,5.0,12.0,41.0,404.0,1625.0,2087.0,25597.84,20.8594520847302
2024-09-12,2024-09-13,Winnellie,0,0.1921074106968652,0,16.389583333333334,11.82940404253913,0.0,1.5046742200228669,,,,,,,2.0,15.0,46.0,409.0,1615.0,2087.0,25597.84,24.194056098417736
2024-09-13,2024-09-14,Palmerston,1,0.789913404261692,1,15.996666666666668,27.165563998897767,11.0,5.489690104751194,34.55166666666667,63.92916666666667,25.47708333333333,2.5070833333333336,0.3004191590884966,-0.0309055256019593,0.0,37.0,81.0,351.0,1224.0,1693.0,12670.85,25.08747079793257
2024-09-13,2024-09-14,Stokes Hill,0,0.1026083372203595,0,15.3775,14.872013472354332,4.0,0.9089156687216904,9.613043478260868,68.18083333333333,28.87291666666667,1.7866666666666668,0.0408631818508765,-0.0346466636714643,1.0,22.0,96.0,237.0,1337.0,1693.0,12670.85,20.368069306219915
2024-09-13,2024-09-14,Winnellie,0,0.2414128189888735,0,16.140833333333333,16.49253491567169,4.0,1.1473342411439618,12.0,,,,,,0.0,24.0,105.0,229.0,1335.0,1693.0,12670.85,25.32489602120605
2024-09-14,2024-09-15,Palmerston,0,0.7726907775977507,0,12.6605,17.85940419908214,1.0,4.920234406949507,28.355833333333333,60.958333333333336,25.14916666666667,2.4345833333333333,0.4426437546111042,0.1568430232796513,0.0,20.0,42.0,729.0,1090.0,1881.0,18434.12,25.9781482012337
2024-09-14,2024-09-15,Stokes Hill,0,0.2655787427206643,0,12.623333333333331,14.990833045603305,0.0,1.372097136666955,16.87,64.68375,28.571250000000003,1.9733333333333332,0.0308750683700485,-0.0381549817072207,0.0,12.0,62.0,558.0,1249.0,1881.0,18434.12,25.20940461543437
2024-09-14,2024-09-15,Winnellie,0,0.4614248043688286,0,13.827083333333334,15.658971613963947,0.0,1.6237790677160715,16.389583333333334,58.21304347826087,28.06826086956522,6.208260869565217,0.1105482224284767,0.0566240369094519,0.0,10.0,109.0,552.0,1210.0,1881.0,18434.12,27.21597257922053
2024-09-15,2024-09-16,Palmerston,0,0.2217982159659166,0,6.899166666666666,13.863492677197884,,,15.996666666666668,70.0625,24.64708333333333,2.3569565217391304,-0.2219959707711724,0.4732102931270891,0.0,13.0,108.0,479.0,817.0,1417.0,12476.51,36.23241351918079
2024-09-15,2024-09-16,Stokes Hill,0,0.1810222921175567,0,6.977368421052631,12.036996804783303,0.0,1.0304892734001223,15.3775,70.10291666666667,28.52083333333333,1.63875,0.0370601663931872,0.8546936083395101,0.0,13.0,121.0,346.0,931.0,1411.0,12435.62,41.42901998092397
2024-09-15,2024-09-16,Winnellie,0,0.3215439874605962,0,7.312083333333334,14.14710444081924,0.0,1.3553379442904492,16.140833333333333,,,,,,0.0,13.0,156.0,327.0,921.0,1417.0,12476.51,35.14907016764311
2024-09-16,2024-09-17,Palmerston,0,0.2107925532994125,0,4.59625,9.4456456993601,,,12.6605,66.77083333333333,26.37,2.6591666666666667,0.2733152553360761,0.8242462895709987,1.0,7.0,29.0,189.0,224.0,450.0,3209.92,3.4144204514854866
2024-09-16,2024-09-17,Stokes Hill,0,0.127680170972223,0,3.939583333333333,7.538820863984203,,,12.623333333333331,73.27208333333333,28.876666666666665,2.205833333333333,0.4157586910632003,0.7431518179652197,1.0,7.0,29.0,128.0,280.0,445.0,3164.56,10.00725685588356
2024-09-16,2024-09-17,Winnellie,0,0.2085623362347934,0,6.230833333333333,9.014649553590337,0.0,1.253751025719249,13.827083333333334,69.15652173913043,28.729565217391304,7.0,0.2126718090277859,0.8122443216845815,1.0,7.0,39.0,126.0,277.0,450.0,3209.92,10.777208929362052
2024-09-17,2024-09-18,Palmerston,0,0.0760207023157903,0,2.7808333333333333,8.610472688998964,0.0,0.4961118823676059,7.269130434782609,79.23333333333333,21.89125,3.0854166666666667,0.4531306466266083,-0.7448094928770269,0.0,0.0,3.0,33.0,13.0,49.0,168.63,83.62349389709915
2024-09-17,2024-09-18,Stokes Hill,0,0.0356876745291399,0,3.905416666666667,6.101122258118588,,,7.388333333333334,80.39666666666666,24.60809523809524,3.4320833333333334,-0.2488581313514375,-0.8387359356022093,0.0,0.0,17.0,19.0,6.0,42.0,138.46,79.56422391596269
2024-09-17,2024-09-18,Winnellie,0,0.1043603474148401,0,3.967,8.835162029046513,0.0,0.5822393219523146,7.312083333333334,,,,,,0.0,0.0,17.0,19.0,13.0,49.0,168.63,74.84553777691039
2024-09-18,2024-09-19,Palmerston,0,0.1216099431495057,0,5.749583333333334,6.794549814495815,,,4.59625,60.70416666666667,25.175,3.153333333333333,0.8892785719632772,0.0411986903085604,0.0,0.0,4.0,16.0,7.0,27.0,452.99,93.73467227697594
2024-09-18,2024-09-19,Stokes Hill,0,0.0557585786172423,0,6.1241666666666665,5.107500577200998,,,4.318636363636364,68.91083333333333,27.46583333333333,3.925833333333333,0.687229987423014,-0.5228828627577072,0.0,0.0,4.0,16.0,7.0,27.0,452.99,88.15584363986606
2024-09-18,2024-09-19,Winnellie,0,0.1521866997338027,0,6.925833333333333,6.664127502947945,,,6.230833333333333,61.95454545454545,27.776818181818182,10.775,0.8752029747364038,-0.0966939363068361,0.0,0.0,4.0,16.0,7.0,27.0,452.99,94.51160950887288
2024-09-19,2024-09-20,Palmerston,0,0.0892611817559927,0,3.327916666666667,7.64232385892561,0.0,0.6802222492213184,3.1295454545454544,65.09166666666667,26.745,2.629583333333333,0.737735141313868,0.5476171354782564,1.0,0.0,20.0,24.0,70.0,115.0,890.01,24.75134318566057
2024-09-19,2024-09-20,Stokes Hill,0,0.0521806221248771,0,3.105833333333333,6.605549353648625,0.0,0.5483537313521076,4.140434782608696,72.85875,29.01458333333333,3.2025,0.866106150848026,0.0712898334948152,1.0,0.0,29.0,13.0,72.0,115.0,890.01,24.053698331897078
2024-09-19,2024-09-20,Winnellie,0,0.0995258076379201,0,4.61125,8.060005106284413,0.0,0.6565425248187573,4.464444444444444,67.64347826086956,29.04565217391304,9.011739130434783,0.745616759467938,0.5139100988157195,0.0,1.0,29.0,13.0,72.0,115.0,890.01,29.42442775422535
2024-09-20,2024-09-21,Palmerston,0,0.0843789878460768,0,5.22375,6.303587649220794,,,5.749583333333334,71.2,26.67458333333333,2.2413636363636367,0.3154426252779862,0.4412247970574027,0.0,0.0,2.0,32.0,233.0,267.0,1805.11,57.13257180240142
2024-09-20,2024-09-21,Stokes Hill,0,0.0591894246988915,0,4.189583333333333,4.705368799856923,,,6.1241666666666665,74.53958333333334,29.35291666666667,2.0525,0.6142614761223953,0.3626600596172769,0.0,0.0,2.0,31.0,220.0,253.0,1522.9,69.25701166793245
2024-09-20,2024-09-21,Winnellie,0,0.0999623779854916,0,5.58125,6.897533240061081,0.0,0.5640624142587642,6.925833333333333,71.1375,29.092916666666667,6.622916666666666,0.3985037666341258,0.7109648525116382,0.0,0.0,2.0,31.0,234.0,267.0,1805.11,66.74160921908366
2024-09-21,2024-09-22,Palmerston,0,0.044949496630901,0,7.296250000000001,7.446044218543362,0.0,0.2234339468272499,3.960952380952381,72.2,26.800833333333333,2.543333333333333,0.1762743650266785,0.4300176836519014,0.0,0.0,0.0,16.0,81.0,97.0,661.4300000000001,186.5524771701008
2024-09-21,2024-09-22,Stokes Hill,0,0.0269219960739366,0,8.085833333333333,5.295596390928738,0.0,0.196588215858703,3.252608695652174,74.46166666666666,29.584166666666665,2.2779166666666666,0.4980198001809964,0.54387332537828,0.0,0.0,0.0,13.0,73.0,86.0,535.11,198.2119433982377
2024-09-21,2024-09-22,Winnellie,0,0.0535237882282655,0,7.693333333333332,7.464688193780445,0.0,0.2418301927262968,4.61125,71.42083333333333,29.305833333333336,6.872916666666666,0.1640829589387084,0.7317158812118217,0.0,0.0,0.0,13.0,84.0,97.0,661.4300000000001,191.87364495922347
2024-09-22,2024-09-23,Palmerston,0,0.0717953933772947,0,4.79625,9.36574777126911,0.0,0.4194894447243905,5.22375,74.35416666666667,25.88875,2.0058333333333334,0.2243254743834485,-0.0651416408964457,0.0,0.0,2.0,55.0,274.0,331.0,4301.36,83.70095672399468
2024-09-22,2024-09-23,Stokes Hill,0,0.0406195608369766,0,5.590833333333333,7.808469258084262,0.0,0.3568271505281211,4.189583333333333,73.83,29.24625,2.2470833333333333,0.2547841365310816,-0.0290457391977959,0.0,0.0,2.0,53.0,260.0,315.0,4113.56,79.66450963327603
2024-09-22,2024-09-23,Winnellie,0,0.1097431700878342,0,6.425833333333333,8.590986293028358,0.0,0.52125136013739,5.58125,67.67083333333333,29.33875,6.982916666666667,0.3291429555251747,0.1865138228455367,0.0,0.0,2.0,55.0,272.0,329.0,4277.72,74.93706128245448
2024-09-23,2024-09-24,Palmerston,0,0.106058531115102,0,6.291250000000001,8.182914872294038,0.0,0.5304770085173586,7.296250000000001,69.54166666666667,26.385,2.3945833333333333,0.3624700112748056,0.7202548612406253,0.0,0.0,4.0,91.0,178.0,273.0,2247.99,83.28151748401187
2024-09-23,2024-09-24,Stokes Hill,0,0.0777258467632873,0,6.690416666666667,6.987179198698476,0.0,0.4873197790552129,8.085833333333333,73.19333333333334,29.312916666666663,2.183333333333333,0.6263616366630268,0.448631525621892,0.0,0.0,4.0,78.0,180.0,262.0,2175.4,79.28045255935126
2024-09-23,2024-09-24,Winnellie,0,0.1170608202156791,0,7.572083333333334,8.481777212252615,0.0,0.5797995234829164,7.693333333333332,69.21249999999999,28.98375,6.593333333333334,0.3653030202118476,0.7677638229330044,0.0,0.0,12.0,76.0,185.0,273.0,2247.99,74.53820449776464
2024-09-24,2024-09-25,Palmerston,0,0.0867150547733332,0,5.996666666666666,8.917348219789465,0.0,0.5856458737320848,4.79625,68.125,26.590416666666663,2.365652173913044,0.4681788788901073,0.5728141279789641,0.0,0.0,32.0,71.0,256.0,359.0,3118.66,54.887721858153775
2024-09-24,2024-09-25,Stokes Hill,0,0.0579998328974449,0,6.6675,7.198344309001862,,,5.590833333333333,72.32291666666667,29.45875,2.209583333333333,0.6521079289695063,0.3387141564716914,0.0,0.0,32.0,65.0,236.0,333.0,2994.5,66.16871846098067
2024-09-24,2024-09-25,Winnellie,0,0.1179213261173259,0,7.649583333333333,8.873715385591746,0.0,0.6205839902634817,6.425833333333333,67.66250000000001,29.290000000000003,6.508333333333333,0.4231955124412939,0.6690723508153399,0.0,0.0,32.0,66.0,261.0,359.0,3118.66,61.877931853048445
2024-09-25,2024-09-26,Palmerston,0,0.1039835946738672,0,7.38375,8.499078161699485,0.0,0.6959008197598234,6.291250000000001,65.8625,26.5375,2.067083333333333,0.3305198714758613,0.7287813642831185,0.0,6.0,56.0,115.0,192.0,369.0,3125.32,28.339269983506863
2024-09-25,2024-09-26,Stokes Hill,0,0.066958066148445,0,10.777083333333332,7.275488174256061,0.0,0.629439778332822,7.008260869565217,71.43958333333333,29.430000000000003,2.2216666666666667,0.6223555507623563,0.6148315721180839,0.0,1.0,63.0,94.0,196.0,354.0,3091.59,29.59967663098661
2024-09-25,2024-09-26,Winnellie,0,0.1286847683144074,0,10.5225,9.129531578784814,0.0,0.7783403856671697,7.572083333333334,67.625,29.013333333333332,6.335416666666667,0.402837252749189,0.8054358789415689,1.0,5.0,58.0,104.0,201.0,369.0,3125.32,23.306088979015502
2024-09-29,2024-09-30,Palmerston,0,0.1135268433289614,0,14.57625,13.041915296828318,0.0,0.5172147048264557,10.167916666666668,75.48333333333333,26.67875,2.2691666666666666,-0.2547783938222582,-0.0055898382571267,0.0,0.0,40.0,88.0,468.0,596.0,9861.66,75.55187300625059
2024-09-29,2024-09-30,Stokes Hill,0,0.0779669764200237,0,14.959166666666668,11.3462641106907,0.0,0.4670922775266862,10.3175,75.65041666666666,30.18958333333333,1.4020833333333331,-0.1301410801695235,0.2968192432327201,0.0,0.0,5.0,106.0,452.0,563.0,9580.22,86.03190945581339
2024-09-29,2024-09-30,Winnellie,0,0.1834580955360545,0,14.55625,13.673480617082744,0.0,0.6522195849841973,12.434583333333334,73.77499999999999,29.52083333333333,4.380833333333333,,,0.0,0.0,5.0,123.0,465.0,593.0,9840.43,86.60625157848597
2024-09-30,2024-10-01,Palmerston,0,0.290635971282631,0,12.914166666666668,14.306522129301548,1.0,1.250023012948788,11.280416666666667,61.025,27.75625,2.305,0.3725225635777456,0.5898374348075048,0.0,0.0,20.0,206.0,678.0,904.0,18569.12,59.33046037253619
2024-09-30,2024-10-01,Stokes Hill,0,0.1793451555999644,0,12.95125,12.614610427177148,0.0,0.964248081134212,11.63625,67.48583333333333,30.59208333333333,2.1391666666666667,0.3486992570206684,0.7396049706479159,0.0,0.0,10.0,185.0,674.0,869.0,18472.6,68.15526579219586
2024-09-30,2024-10-01,Winnellie,0,0.2939991180416321,0,15.29125,13.746109624942864,0.0,1.323453553154622,12.711666666666666,64.425,30.0325,6.546250000000001,0.2736491366881613,0.807337635835818,0.0,0.0,10.0,216.0,668.0,894.0,18557.11,68.21606847752119
2024-10-01,2024-10-02,Palmerston,0,0.178899778839276,0,10.875416666666666,15.117921254408753,0.0,0.6409105330456641,14.57625,67.80833333333334,26.699166666666667,2.5166666666666666,0.2384038059530852,-0.2580968297918552,0.0,0.0,22.0,140.0,803.0,965.0,13933.39,75.64966169634388
2024-10-01,2024-10-02,Stokes Hill,0,0.0955486419815083,0,9.829166666666667,13.37310366511076,0.0,0.4450375103798542,14.959166666666668,72.4325,29.902916666666663,1.7975,-0.2031074969013805,-0.2055760526884511,0.0,0.0,22.0,126.0,780.0,928.0,13753.09,86.38463003906276
2024-10-01,2024-10-02,Winnellie,0,0.1715151513677303,0,12.020416666666668,15.940608902430732,0.0,0.5747037448653466,14.55625,67.93333333333334,29.475416666666664,5.656666666666666,-0.0763153023830799,-0.1192512906550444,0.0,0.0,22.0,139.0,793.0,954.0,13876.81,86.70174055312285
2024-10-02,2024-10-03,Palmerston,0,0.1900227571672494,0,9.655416666666666,12.485619460425545,0.0,0.8808025405843596,12.914166666666668,66.55,27.113333333333333,2.5829166666666667,0.3806718387486332,0.5131373667062169,0.0,55.0,14.0,92.0,1003.0,1164.0,14568.98,35.734653445625135
2024-10-02,2024-10-03,Stokes Hill,0,0.1216626260995727,0,11.330416666666666,9.849836989353228,0.0,0.7432673093912485,12.95125,69.96583333333334,30.258333333333336,2.194166666666667,0.4822657409334782,0.414276625753684,0.0,55.0,13.0,79.0,940.0,1087.0,13512.23,37.83304485789913
2024-10-02,2024-10-03,Winnellie,0,0.2738565572317207,0,11.352916666666667,12.723802206018911,0.0,0.9932437409908036,15.29125,64.8875,29.95625,7.160416666666666,0.3403084944965649,0.6179354642136877,0.0,55.0,13.0,93.0,964.0,1125.0,14018.97,42.70734591949185
2024-10-03,2024-10-04,Palmerston,0,0.1149200562070726,0,9.750833333333334,12.219303186778752,0.0,0.6604986095724975,10.875416666666666,64.92916666666666,26.911666666666665,2.08,-0.0211947612892127,0.2540118608790913,0.0,31.0,59.0,108.0,911.0,1109.0,13639.83,34.520937057025286
2024-10-03,2024-10-04,Stokes Hill,0,0.0607812360672059,0,11.437916666666666,10.649878283388738,0.0,0.5490429487014481,9.829166666666667,68.69083333333333,30.104166666666668,1.5979166666666669,0.1942148110774839,0.2851715634265682,0.0,5.0,81.0,107.0,874.0,1067.0,13403.24,36.31553652949546
2024-10-03,2024-10-04,Winnellie,0,0.1569798695724321,0,12.516666666666666,11.855192595273644,0.0,0.7633118838710738,12.020416666666668,63.40833333333333,29.637083333333333,4.7575,0.0311647591166299,0.5022356429821332,0.0,5.0,81.0,112.0,886.0,1084.0,13535.33,41.18273709442884
2024-10-04,2024-10-05,Palmerston,0,0.1134812674426983,0,10.955833333333333,11.164981471197423,0.0,0.7166800138339415,9.655416666666666,66.22500000000001,26.9125,2.7237500000000003,0.333922454073905,0.5167213494228732,0.0,31.0,66.0,151.0,964.0,1212.0,15500.95,34.25969378414639
2024-10-04,2024-10-05,Stokes Hill,0,0.0776685820431078,0,12.625833333333333,10.8469193169331,0.0,0.6607561139093241,11.330416666666666,70.80375,30.02958333333333,2.122916666666667,0.5182861840311651,0.4079777176925928,0.0,8.0,82.0,155.0,933.0,1178.0,15336.84,36.55713220563864
2024-10-04,2024-10-05,Winnellie,0,0.1451806344349044,0,13.344583333333333,12.60595571708206,0.0,0.7895552328171781,11.352916666666667,64.74166666666666,29.89583333333333,7.521249999999999,0.3493894476865734,0.6331431988374363,0.0,8.0,82.0,158.0,941.0,1189.0,15409.86,41.26460909583772
2024-10-05,2024-10-06,Palmerston,0,0.0794493173442521,0,12.050416666666663,12.166006267582665,0.0,0.5015642871424035,9.750833333333334,66.1875,26.831666666666667,2.6354166666666665,0.0584405345880388,0.3369570660224623,0.0,8.0,64.0,139.0,289.0,500.0,4411.05,25.849735804775253
2024-10-05,2024-10-06,Stokes Hill,0,0.0700868252424733,0,10.965714285714286,11.67794123196801,0.0,0.5474374615089451,11.437916666666666,68.80375,29.901666666666667,2.0458333333333334,0.3031753600892612,0.4929783131659931,3.0,3.0,65.0,135.0,237.0,443.0,4196.3,18.58308897680071
2024-10-05,2024-10-06,Winnellie,0,0.1524649633511148,0,11.990833333333333,13.145618962685456,0.0,0.685777197839141,12.516666666666666,62.48333333333333,29.697916666666668,6.896249999999999,0.180337322143245,0.4981598592165429,1.0,5.0,65.0,140.0,245.0,456.0,4256.34,24.93980893896294
2024-10-06,2024-10-07,Palmerston,0,0.1015504005951637,0,10.709583333333333,14.15642327902274,0.0,0.5547200559811057,10.955833333333333,68.075,26.6725,2.3979166666666667,-0.0641442620523406,0.2785826131449605,2.0,0.0,39.0,199.0,492.0,732.0,7189.68,20.06948285191542
2024-10-06,2024-10-07,Stokes Hill,0,0.0818802457831754,0,9.485833333333334,11.096088557228937,,,12.625833333333333,69.85166666666667,29.91916666666667,2.0654166666666667,0.3083536392056124,0.6387314801888705,0.0,2.0,40.0,198.0,402.0,642.0,6598.86,32.034596721538094
2024-10-06,2024-10-07,Winnellie,0,0.1591002065917138,0,11.3575,13.367461854460917,0.0,0.7061610158186444,13.344583333333333,65.15833333333333,29.624583333333334,6.434166666666666,0.08345364978397,0.6988803675330313,0.0,2.0,40.0,198.0,421.0,661.0,6803.23,29.1281021726143
2024-10-07,2024-10-08,Palmerston,0,0.1953426022892197,0,9.612916666666669,11.262107410699125,0.0,0.8197096471974744,12.050416666666663,63.325,26.98958333333333,2.388333333333333,0.2959265198557762,0.4713308330955537,15.0,0.0,42.0,194.0,621.0,872.0,10131.94,21.500367696693697
2024-10-07,2024-10-08,Stokes Hill,0,0.073214766973451,0,9.997083333333334,8.658554086803576,0.0,0.5998173874259101,10.965714285714286,68.69428571428571,29.686190476190475,2.145,0.4021822592414557,0.53346652302588,0.0,15.0,44.0,179.0,557.0,795.0,9467.59,33.54741817372721
2024-10-07,2024-10-08,Winnellie,0,0.1534463684614421,0,11.274583333333332,10.895664330476986,0.0,0.8132991824665995,11.990833333333333,61.99583333333334,29.78375,7.257916666666667,0.1597360099342503,0.5348304392435229,0.0,15.0,44.0,188.0,575.0,822.0,9801.75,30.7939662876458
2024-10-08,2024-10-09,Palmerston,0,0.0674421599975068,0,11.6175,11.033795820676596,0.0,0.4101040457941675,10.709583333333333,70.32083333333334,26.44083333333333,2.4337500000000003,-0.2512523168495303,0.3628975495697903,0.0,0.0,110.0,37.0,614.0,761.0,7292.64,55.51493466209045
2024-10-08,2024-10-09,Stokes Hill,0,0.0349480602435629,0,11.500833333333333,9.4420260893539,0.0,0.3366229175830355,9.485833333333334,70.21249999999999,30.162916666666664,1.6929166666666668,-0.1373689044686931,0.796703226912752,0.0,0.0,107.0,37.0,558.0,702.0,6883.51,65.69879557129958
2024-10-08,2024-10-09,Winnellie,0,0.0779628629686364,0,11.247142857142856,11.563337119421368,0.0,0.4025442830534287,11.3575,67.64583333333333,29.495416666666667,6.4437500000000005,-0.5363389550430515,0.5619569506164436,0.0,0.0,107.0,38.0,579.0,724.0,7091.8,61.44391552834258
2024-10-09,2024-10-10,Palmerston,0,0.0914503749573715,0,13.283181818181818,11.796446925168375,0.0,0.6091380774237005,9.612916666666669,68.18333333333334,27.31125,2.2433333333333336,0.0899939638224874,0.3290081979865544,2.0,0.0,52.0,205.0,815.0,1074.0,10647.21,3.769505886430009
2024-10-09,2024-10-10,Stokes Hill,0,0.0521431995183395,0,15.930416666666666,10.264188154584708,0.0,0.4614854522670631,9.997083333333334,70.37958333333333,30.49208333333333,1.5041666666666669,-0.2097780978603616,0.3938921461334986,1.0,1.0,50.0,182.0,812.0,1046.0,10429.18,10.579754265297504
2024-10-09,2024-10-10,Winnellie,0,0.1137483950689723,0,15.59625,11.172523723870611,,,11.274583333333332,66.50416666666666,30.06958333333333,5.197916666666667,-0.4175349332618882,0.234017732895281,1.0,1.0,50.0,191.0,814.0,1057.0,10567.22,11.603263070454409
2024-10-10,2024-10-11,Palmerston,0,0.0771594878447549,0,12.045,13.314528878578118,,,11.6175,72.35416666666667,27.13625,2.4779166666666668,-0.4803396608159939,0.0743452767938527,1.0,7.0,51.0,158.0,459.0,676.0,8851.64,21.530418876039448
2024-10-10,2024-10-11,Stokes Hill,0,0.0534683323609671,0,17.96625,13.26133344899726,0.0,0.4200126903128457,11.500833333333333,72.79458333333334,30.450416666666666,1.7420833333333334,-0.1021693926071773,0.532016474996277,0.0,1.0,50.0,146.0,397.0,594.0,8150.39,33.59139838095791
2024-10-10,2024-10-11,Winnellie,0,0.0858703768256375,0,15.8725,14.13879322685101,0.0,0.4304119606700528,11.247142857142856,68.33749999999999,30.1975,5.351666666666667,-0.602111725210473,0.3283764128923955,0.0,1.0,50.0,159.0,411.0,621.0,8290.26,30.93268282623599
2024-10-11,2024-10-12,Palmerston,0,0.0895493729732263,0,9.1375,12.62752427615561,0.0,0.4182016859099215,13.283181818181818,73.17916666666666,27.02583333333333,2.6579166666666665,-0.4469872730792152,0.4513146127479712,0.0,0.0,49.0,297.0,784.0,1130.0,11240.1,59.48211619680591
2024-10-11,2024-10-12,Stokes Hill,0,0.0867385906073223,0,9.565416666666666,14.804848845485283,2.0,0.4518129397700914,15.930416666666666,73.43041666666666,30.263333333333332,1.845,-0.140890584247545,0.9661276630088008,0.0,0.0,47.0,266.0,707.0,1020.0,10387.85,71.56350939182292
2024-10-11,2024-10-12,Winnellie,0,0.1344798486903387,0,9.642083333333334,14.538224062951038,0.0,0.4603099600274631,15.59625,68.84583333333333,29.90125,6.12875,-0.7073646508778104,0.6406829353883933,0.0,0.0,47.0,278.0,705.0,1030.0,10416.26,68.65816218007478
2024-10-12,2024-10-13,Palmerston,0,0.1076481698862364,0,10.588333333333331,10.813379415145068,0.0,0.6064624539702635,12.045,67.51666666666667,27.41333333333333,2.752916666666667,0.1305940923175305,0.4895632630498989,1.0,1.0,104.0,120.0,609.0,835.0,8653.63,24.543369635363145
2024-10-12,2024-10-13,Stokes Hill,0,0.1487664735442003,0,12.13125,10.129941002158672,0.0,0.751707390746308,17.96625,70.19875,30.53875,2.0308333333333333,0.1719769711714579,0.6482210593972711,2.0,0.0,103.0,108.0,520.0,733.0,7887.06,15.28234403603333
2024-10-12,2024-10-13,Winnellie,0,0.1933471929787593,0,12.457083333333337,11.165650875617704,0.0,0.7636786393178913,15.8725,64.72083333333333,30.22833333333333,6.719166666666666,-0.068104206770297,0.6882465226446011,2.0,0.0,99.0,112.0,538.0,751.0,7909.36,21.54508594165592
2024-10-13,2024-10-14,Palmerston,0,0.0735712300203282,0,9.38625,11.274512515559335,0.0,0.4402852021404263,9.1375,64.10416666666667,27.295,2.5641666666666665,0.1446095967498605,0.6303406139771716,0.0,0.0,50.0,144.0,388.0,582.0,4913.01,67.66912228895191
2024-10-13,2024-10-14,Stokes Hill,0,0.0489643050710264,0,10.359166666666669,10.427733635750576,0.0,0.4251678428812362,9.565416666666666,68.23916666666666,30.210416666666664,1.9283333333333332,0.3829142739303182,0.6112286687401327,0.0,0.0,50.0,93.0,349.0,492.0,4156.75,78.67648021333355
2024-10-13,2024-10-14,Winnellie,0,0.097026003707908,0,10.523333333333332,11.597673860503969,0.0,0.5145776977317814,9.642083333333334,62.395833333333336,30.042916666666667,6.359583333333333,0.3083584699728935,0.7198800157258685,0.0,0.0,50.0,134.0,275.0,459.0,3633.67,74.3527183201866
2024-10-14,2024-10-15,Palmerston,0,0.0736076085235003,0,11.32875,10.355758407014386,0.0,0.4178664712631382,10.588333333333331,70.64166666666667,26.0875,2.49875,0.0594778559633378,0.3466576107133013,0.0,0.0,25.0,87.0,220.0,332.0,3283.47,58.55723253208139
2024-10-14,2024-10-15,Stokes Hill,0,0.064907578951098,0,12.15,9.266339589118802,0.0,0.4433570025461378,12.13125,70.1725,29.66375,2.16375,0.2753734313765627,0.5387000279304476,0.0,0.0,25.0,71.0,211.0,307.0,3028.27,67.8793075592181
2024-10-14,2024-10-15,Winnellie,0,0.1183410283589246,0,11.657916666666669,10.763845844474632,0.0,0.4946337318579186,12.457083333333337,65.52499999999999,29.36958333333333,6.298333333333333,0.0547040280413481,0.6208647835458856,0.0,0.0,25.0,83.0,171.0,279.0,2717.82,69.40929846183461
2024-10-15,2024-10-16,Palmerston,0,0.0540958232685584,0,7.779166666666666,11.291687372131106,0.0,0.3691736817239599,9.38625,76.01666666666667,26.096666666666668,2.650416666666666,-0.1633513507669252,0.0712686129089713,0.0,1.0,6.0,111.0,331.0,449.0,3535.31,27.158253184245385
2024-10-15,2024-10-16,Stokes Hill,0,0.0402343524269908,0,9.33125,9.029162089507532,1.0,0.3763193614205746,10.359166666666669,77.42166666666667,28.883333333333336,1.6158333333333337,0.0199515272037259,0.2847370214875724,1.0,0.0,6.0,103.0,271.0,381.0,3286.73,22.18168310729445
2024-10-15,2024-10-16,Winnellie,0,0.0768147257255973,0,10.915,10.447453052286912,,,10.523333333333332,72.87916666666666,28.67,5.344166666666666,-0.1712864834947928,0.2230737340527689,0.0,1.0,22.0,88.0,230.0,341.0,3125.19,28.38133217223713
2024-10-16,2024-10-17,Palmerston,0,0.0535021148864065,0,7.664583333333333,9.53810009227149,0.0,0.2770258828876354,11.32875,76.41666666666667,26.390416666666667,2.4679166666666665,-0.4516793787420163,0.3855608528635866,0.0,0.0,4.0,134.0,303.0,441.0,4192.39,87.45263318787654
2024-10-16,2024-10-17,Stokes Hill,0,0.0338223350642738,0,7.452916666666667,9.268660366874473,0.0,0.2764032127019271,12.15,79.74541666666667,28.971666666666668,1.2991666666666666,-0.0856247775130077,0.6981145564348757,0.0,0.0,4.0,82.0,289.0,375.0,3803.77,83.91640524967258
2024-10-16,2024-10-17,Winnellie,0,0.0593757374852627,0,8.28,10.771827789665412,0.0,0.2723993482973501,12.218260869565215,76.77499999999999,28.695,4.835833333333333,-0.6660343238346097,0.5201093361969508,0.0,0.0,10.0,76.0,271.0,357.0,3697.05,90.14425095858104
2024-10-17,2024-10-18,Palmerston,0,0.0369095271154721,0,9.210833333333332,9.109572259245716,0.0,0.2473657829985106,7.779166666666666,71.94166666666666,26.8625,2.921666666666667,-0.6491132412419853,0.3539444317846214,0.0,0.0,6.0,76.0,280.0,362.0,2705.36,73.7172183441282
2024-10-17,2024-10-18,Stokes Hill,0,0.0370465500043886,0,8.31,7.704902059056641,0.0,0.309161951724211,9.33125,71.27916666666667,30.10625,1.93,-0.1010412666019174,0.9805859592453708,0.0,0.0,6.0,69.0,231.0,306.0,2298.58,72.47948315857847
2024-10-17,2024-10-18,Winnellie,0,0.0698161248618441,0,10.359583333333331,9.454147905937528,0.0,0.3272957779892376,10.915,67.14583333333333,29.72208333333333,6.877916666666667,-0.6406496131850431,0.6881761791546263,0.0,0.0,35.0,40.0,217.0,292.0,2249.03,68.89134390932021
2024-10-18,2024-10-19,Palmerston,0,0.0471104648221767,0,6.505416666666666,10.05299310610384,0.0,0.3486664530089934,7.664583333333333,72.12916666666666,26.7625,2.563333333333333,-0.3298352310177901,0.2145406475832564,7.0,15.0,20.0,42.0,214.0,298.0,2380.55,12.697305165511136
2024-10-18,2024-10-19,Stokes Hill,0,0.0306661819874213,0,7.055,8.215577095092675,0.0,0.335930120868127,7.452916666666667,72.39916666666666,30.44375,1.4925,-0.1825006915810337,0.7934488626675167,7.0,0.0,35.0,38.0,155.0,235.0,2029.6,12.972375086912075
2024-10-18,2024-10-19,Winnellie,0,0.0624896486192324,0,8.159166666666666,10.276391008812071,0.0,0.386245590162638,8.28,66.21363636363637,30.22136363636364,5.950454545454545,-0.6610562903608178,0.5944713502891792,7.0,0.0,38.0,35.0,157.0,237.0,2051.57,6.616422029592867
2024-10-19,2024-10-20,Palmerston,0,0.0493305306714775,0,5.397916666666667,8.437125827211355,0.0,0.2605853407555789,9.210833333333332,70.1375,26.88458333333333,2.965,-0.4790535092443453,0.4476906455635578,0.0,0.0,1.0,63.0,127.0,191.0,1297.42,82.09426646435864
2024-10-19,2024-10-20,Stokes Hill,0,0.0343325881877033,0,4.622916666666667,7.138435617292476,0.0,0.27878405000778,8.31,69.07125,30.434166666666663,1.9266666666666667,-0.0711191291899707,0.9724269569511358,0.0,0.0,1.0,61.0,79.0,141.0,1011.01,75.61326098740952
2024-10-19,2024-10-20,Winnellie,0,0.0761645690228712,0,6.660000000000001,9.223103794360238,0.0,0.3199568819255874,10.359583333333331,64.32083333333334,30.065416666666664,6.8808333333333325,-0.539505857772229,0.7528428842029401,0.0,0.0,1.0,61.0,81.0,143.0,1019.44,72.01603918464039
2024-10-20,2024-10-21,Palmerston,0,0.0315067736766991,0,6.1375,7.358658414809748,0.0,0.2351907867997768,6.505416666666666,72.02083333333333,27.24291666666667,2.6358333333333333,-0.5579359378283731,0.4443840402886021,0.0,0.0,14.0,64.0,220.0,298.0,3800.96,73.74093117482613
2024-10-20,2024-10-21,Stokes Hill,0,0.023982203619216,0,6.118333333333333,5.418457236189815,,,7.055,72.97833333333334,30.575833333333332,1.8229166666666667,-0.1621412458940105,0.8549843982023342,0.0,0.0,12.0,66.0,216.0,294.0,3774.75,85.71383611980862
2024-10-20,2024-10-21,Winnellie,0,0.0691317944839151,0,8.2525,7.899416322384238,,,8.159166666666666,,,,,,0.0,0.0,14.0,64.0,216.0,294.0,3774.75,84.12029619497318
2024-10-21,2024-10-22,Palmerston,0,0.0305263991491136,0,7.051666666666667,7.446353340359792,0.0,0.2162296085044668,5.397916666666667,73.84166666666667,25.41333333333333,2.6,-0.2991904801035637,-0.3925928928770355,0.0,0.0,3.0,29.0,389.0,421.0,5895.9800000000005,96.4543257279831
2024-10-21,2024-10-22,Stokes Hill,0,0.0179117031059474,0,6.560833333333334,6.121419496786361,0.0,0.1731183826434548,4.833478260869565,72.86833333333333,29.036666666666665,1.9308333333333332,-0.4271421810260725,-0.2865870844973311,0.0,0.0,0.0,32.0,360.0,392.0,5772.55,103.00693905172356
2024-10-21,2024-10-22,Winnellie,0,0.0478778000576466,0,8.936666666666666,8.695995805167215,0.0,0.2441893609855494,6.660000000000001,68.4304347826087,28.859565217391303,6.830869565217392,-0.4067598788638386,-0.3564002350043643,0.0,0.0,1.0,31.0,360.0,392.0,5734.47,97.11474586584454
2024-10-22,2024-10-23,Palmerston,0,0.0372235241526105,0,7.195833333333333,8.171633452323702,0.0,0.2857455151107131,6.1375,75.35833333333333,26.49,2.6395833333333334,-0.3194642123654703,-0.0971579466043728,0.0,0.0,13.0,36.0,673.0,722.0,12310.72,54.15043106168156
2024-10-22,2024-10-23,Stokes Hill,0,0.0273588130376113,0,8.321250000000001,6.373488774154283,0.0,0.2898050058340916,6.118333333333333,73.93666666666667,30.27125,1.4254166666666668,0.0787783040041528,0.2718683031965089,0.0,0.0,13.0,36.0,657.0,706.0,12177.47,66.10852507535958
2024-10-22,2024-10-23,Winnellie,0,0.0866488776640809,0,9.242916666666668,8.990700542852958,0.0,0.4832040715942645,8.2525,,,,,,0.0,0.0,13.0,36.0,610.0,659.0,11755.99,64.59159402573349
2024-10-23,2024-10-24,Palmerston,0,0.0395417793287542,0,6.304166666666667,8.651319356206125,0.0,0.2296982894557551,7.051666666666667,74.12083333333334,27.64333333333333,2.5004166666666667,-0.425325971594452,0.3801334801067633,0.0,0.0,6.0,41.0,1091.0,1138.0,9929.21,95.57038514486254
2024-10-23,2024-10-24,Stokes Hill,0,0.0253411196320643,0,7.492916666666667,7.8075380585407315,0.0,0.2141172506718272,6.560833333333334,75.10541666666667,30.91708333333333,1.8545833333333333,-0.0566883604757892,0.8998836844710215,0.0,0.0,0.0,45.0,1071.0,1116.0,9792.95,105.08611981762247
2024-10-23,2024-10-24,Winnellie,0,0.0589491371037648,0,9.057916666666667,9.904965325956349,0.0,0.2575837271753698,8.936666666666666,70.11666666666666,30.846666666666668,5.671250000000001,-0.5916080514984783,0.7451029829983824,0.0,0.0,3.0,44.0,1010.0,1057.0,9220.2,99.56125164327352
2024-10-24,2024-10-25,Palmerston,0,0.044804699653044,0,9.684166666666666,7.772443710472459,,,7.195833333333333,71.84166666666667,27.206666666666667,3.0375,-0.3408167315677808,0.4637001505915186,0.0,0.0,17.0,85.0,932.0,1034.0,10091.91,71.43289358823361
2024-10-24,2024-10-25,Stokes Hill,0,0.0424667593889963,0,10.7925,7.1440178665870855,0.0,0.338259555629358,8.321250000000001,72.61625,30.61583333333333,1.8241666666666667,0.2331504916332188,0.8015006948976217,0.0,0.0,3.0,98.0,904.0,1005.0,9878.96,66.89871113154548
2024-10-24,2024-10-25,Winnellie,0,0.0986101962821031,0,11.179166666666667,8.999030062974326,,,9.242916666666668,,,,,,0.0,0.0,3.0,99.0,893.0,995.0,9048.29,73.20171257150702
2024-10-25,2024-10-26,Palmerston,0,0.0449556726493584,0,9.26375,9.429729901684889,0.0,0.3871877910245332,6.636521739130435,78.67083333333333,26.00708333333333,2.4370833333333333,0.0494901473286699,0.0193129531247094,3.0,0.0,5.0,17.0,741.0,766.0,7954.73,3.664769657868177
2024-10-25,2024-10-26,Stokes Hill,0,0.0332623730297557,0,7.499166666666666,8.888397644269297,0.0,0.3548055561638176,7.492916666666667,76.64583333333333,29.91,1.4083333333333332,-0.0872122582923527,0.231998143031881,3.0,0.0,4.0,14.0,716.0,737.0,7437.83,10.355085730672386
2024-10-25,2024-10-26,Winnellie,0,0.0723669031064822,0,9.806666666666668,10.563097558533526,0.0,0.3870902337484018,9.469130434782608,72.575,29.39708333333333,5.245,-0.6034148271244465,-0.149129071811134,3.0,0.0,2.0,20.0,669.0,694.0,7057.97,11.544519275841752
2024-10-26,2024-10-27,Palmerston,0,0.0660498886859539,0,8.687083333333334,10.009670552633189,0.0,0.385328289113039,9.684166666666666,77.14166666666667,26.56125,2.374166666666667,-0.1244434541288617,0.1265892102049492,0.0,2.0,4.0,7.0,1215.0,1228.0,11235.72,34.91832392966089
2024-10-26,2024-10-27,Stokes Hill,0,0.0541050290283144,0,7.85625,7.575003103022661,0.0,0.3614415889256206,10.7925,76.96583333333334,29.99375,1.7445833333333332,0.091013542169998,0.1903761299403864,0.0,1.0,5.0,7.0,1143.0,1156.0,10148.14,46.49911414837169
2024-10-26,2024-10-27,Winnellie,0,0.1383538567912787,0,10.83375,10.295807762494867,0.0,0.6047713307964973,11.179166666666667,,,,,,0.0,2.0,3.0,8.0,1153.0,1166.0,10350.48,45.80772685719714
2024-10-27,2024-10-28,Palmerston,0,0.0662996286763187,0,5.4504166666666665,9.92416635957131,0.0,0.3169267471065328,9.26375,69.76666666666667,27.794166666666666,2.6108333333333333,-0.3529231042264394,0.5999002155687363,0.0,0.0,2.0,6.0,1199.0,1207.0,10493.44,86.61983487596572
2024-10-27,2024-10-28,Stokes Hill,0,0.0347163135094182,0,7.058333333333334,7.62395663110175,0.0,0.2840785185638441,7.499166666666666,71.37625,31.26875,2.0883333333333334,0.0186039132970266,0.9730137097490364,0.0,0.0,2.0,6.0,1084.0,1092.0,8623.28,83.1529751441565
2024-10-27,2024-10-28,Winnellie,0,0.0961815571872575,0,9.75375,10.6292997021834,0.0,0.3609886516299815,9.806666666666668,63.4875,31.270416666666662,6.690833333333333,-0.349377932356642,0.8683637014891682,0.0,0.0,2.0,6.0,1102.0,1110.0,8786.13,89.37249618971357
2024-10-28,2024-10-29,Palmerston,0,0.1006276070543121,0,3.627083333333333,7.9386794635868,0.0,0.4804593016765147,8.687083333333334,64.74166666666666,27.82041666666667,2.07,0.2443005520489796,0.4293260147115982,0.0,0.0,4.0,19.0,1162.0,1185.0,15360.72,87.93813802146451
2024-10-28,2024-10-29,Stokes Hill,0,0.0548300041811867,0,4.027083333333334,6.91109191667589,0.0,0.4028408545675109,7.85625,68.52333333333333,31.212083333333336,1.7820833333333337,0.3878969087236791,0.494528125483755,0.0,0.0,4.0,19.0,1044.0,1067.0,13888.47,84.3843245284856
2024-10-28,2024-10-29,Winnellie,0,0.1288500813292599,0,5.745416666666667,9.927399701122754,0.0,0.5352058064734064,10.83375,,,,,,0.0,0.0,4.0,19.0,1050.0,1073.0,13923.6,90.61448004019516
2024-10-29,2024-10-30,Palmerston,0,0.0680595072105673,0,4.6970833333333335,6.065296563246877,0.0,0.4106885682761787,5.4504166666666665,68.47916666666667,27.62375,2.195,0.561108356500254,0.0728072474604649,0.0,0.0,9.0,8.0,1344.0,1361.0,15188.59,94.66679066051414
2024-10-29,2024-10-30,Stokes Hill,0,0.041720015747121,0,3.549583333333333,4.67474921963586,,,7.058333333333334,71.60666666666667,31.03833333333333,1.997083333333333,0.2333520654851762,-0.1170257743300721,0.0,0.0,7.0,10.0,1259.0,1276.0,14261.9,95.04576615249982
2024-10-29,2024-10-30,Winnellie,0,0.1377117264031757,0,6.774166666666667,7.395301803693059,0.0,0.5122788079764611,9.75375,66.225,30.8015,7.385,0.5998095259479509,0.1757865940894966,0.0,0.0,2.0,15.0,1274.0,1291.0,14551.69,99.36851573015863
2024-10-30,2024-10-31,Palmerston,0,0.0316404107767001,0,3.7716666666666665,6.310245518820028,,,3.627083333333333,75.98333333333333,26.6075,2.574347826086957,0.5805824395766875,0.1986708425463315,0.0,0.0,6.0,13.0,853.0,872.0,5682.49,88.65331706905084
2024-10-30,2024-10-31,Stokes Hill,0,0.02444461083638,0,4.527916666666667,4.265541603360223,,,5.512857142857143,78.7925,29.534166666666668,2.61875,0.6554632120153641,0.0875403500398268,0.0,0.0,6.0,13.0,813.0,832.0,5091.84,96.448692292673
2024-10-30,2024-10-31,Winnellie,0,0.0528180088188973,0,5.9725,7.435390163189949,,,5.745416666666667,,,,,,0.0,0.0,2.0,17.0,827.0,846.0,5362.67,99.28076396107426
2024-10-31,2024-11-01,Palmerston,0,0.0194829149591838,0,5.915,5.477815397198609,,,4.92304347826087,81.8,23.898750000000003,2.0954166666666665,0.531408724504206,0.1128048942809137,0.0,0.0,0.0,0.0,336.0,336.0,3723.18,261.191812177899
2024-10-31,2024-11-01,Stokes Hill,0,0.0133734136197582,0,4.39,4.566102015862858,0.0,0.0913134802738942,4.868947368421053,81.40666666666667,27.082083333333333,2.3270833333333334,0.517205483841955,-0.3192030441512817,0.0,0.0,0.0,0.0,301.0,301.0,3295.79,265.4815721782455
2024-10-31,2024-11-01,Winnellie,0,0.0445214014716025,0,5.733333333333333,6.450516557023593,0.0,0.1388276088438464,7.431363636363637,,,,,,0.0,0.0,0.0,0.0,301.0,301.0,3295.79,269.85940841693633
2024-11-01,2024-11-02,Palmerston,0,0.0127282691980739,0,6.785,6.679442455525022,0.0,0.1408656439230526,4.038695652173913,76.175,25.51083333333333,1.5230434782608695,0.0376558180707709,0.2960682257439045,0.0,0.0,0.0,2.0,390.0,392.0,4576.11,105.15098744831572
2024-11-01,2024-11-02,Stokes Hill,0,0.0096411814345819,0,5.4070833333333335,4.518225371223562,,,4.527916666666667,75.88708333333334,28.965416666666663,1.1620833333333334,0.1671621163878445,0.1212501099383054,0.0,0.0,0.0,2.0,317.0,319.0,3099.33,104.2867428853416
2024-11-01,2024-11-02,Winnellie,0,0.0195601980732223,0,8.168750000000001,6.401742348845386,,,5.9725,75.26111111111112,28.264444444444443,4.252777777777777,,,0.0,0.0,0.0,2.0,310.0,312.0,3193.94,110.11349870343903
2024-11-02,2024-11-03,Palmerston,0,0.0184695304287107,0,6.301904761904762,7.872356559092458,0.0,0.2233980132842094,5.915,78.71666666666667,24.938333333333333,2.3717391304347823,-0.1505185266851653,-0.0850912300904432,1.0,0.0,1.0,5.0,432.0,439.0,7529.81,15.31077217435017
2024-11-02,2024-11-03,Stokes Hill,0,0.0094908325448236,0,7.14047619047619,5.4649949761232,0.0,0.1750951887229114,4.593913043478261,75.97208333333333,28.649583333333336,1.5583333333333331,-0.2834713965434456,0.3953375402418794,1.0,0.0,0.0,6.0,355.0,362.0,5950.32,23.096987251381307
2024-11-02,2024-11-03,Winnellie,0,0.0332075909798072,0,9.092916666666666,8.003124714790419,0.0,0.3173229219363893,6.023913043478261,,,,,,1.0,0.0,0.0,6.0,363.0,370.0,6054.87,17.721188858534674
2024-11-07,2024-11-08,Palmerston,0,0.012634220295352,0,5.654583333333334,5.453065004600202,,,3.139545454545454,72.42083333333333,27.24708333333333,2.5191666666666666,-0.3559273115564438,0.1736705905614145,0.0,0.0,19.0,18.0,492.0,529.0,8918.01,66.2321248391972
2024-11-07,2024-11-08,Stokes Hill,0,0.0095796781860018,0,7.365833333333334,5.731956249159186,0.0,0.1548839256797977,4.587083333333333,72.5225,30.64625,1.76375,-0.3189180097626848,0.6975848947645956,0.0,0.0,19.0,18.0,448.0,485.0,8271.78,76.19307307407797
2024-11-07,2024-11-08,Winnellie,0,0.0154050052260879,0,5.522083333333334,5.567041183821251,0.0,0.1706097981226519,2.8482608695652174,68.03181818181818,30.31136363636364,5.785909090909091,-0.328239450588838,0.6339614560299189,0.0,0.0,18.0,16.0,451.0,485.0,8248.6,70.94001399843218
2024-11-08,2024-11-09,Palmerston,0,0.0208933213698345,0,11.006666666666666,8.439819347151778,0.0,0.2246950012507702,6.122222222222223,73.02916666666667,27.473333333333333,2.622916666666667,-0.2950287393225566,0.3678296575042346,0.0,7.0,66.0,19.0,942.0,1034.0,14443.02,40.209365402610615
2024-11-08,2024-11-09,Stokes Hill,0,0.0155428641668179,0,11.839166666666666,7.59689378430904,0.0,0.2114111864481837,6.81,72.12458333333333,31.125416666666663,1.98,-0.1585719846596358,0.566420451811848,0.0,0.0,73.0,19.0,893.0,985.0,13574.84,51.1450640389882
2024-11-08,2024-11-09,Winnellie,0,0.0281930132780576,0,8.495416666666666,8.068511914188573,0.0,0.2907699888899796,4.7250000000000005,,,,,,0.0,7.0,65.0,12.0,885.0,969.0,13694.76,46.655940071280064
2024-11-09,2024-11-10,Palmerston,0,0.0295503684937931,0,3.1665217391304346,7.70179159716086,2.0,0.2825769421946969,5.654583333333334,70.01666666666667,27.447916666666668,2.6787500000000004,-0.236827839812737,0.6080412542654173,0.0,61.0,50.0,52.0,1754.0,1917.0,18032.58,34.649068128581895
2024-11-09,2024-11-10,Stokes Hill,0,0.021241150992879,0,8.71375,9.376619800333575,1.0,0.2473425586068118,7.365833333333334,69.58541666666666,31.320833333333336,2.3383333333333334,-0.2687546860440737,0.9152538639686978,0.0,34.0,80.0,49.0,1608.0,1771.0,16709.59,45.73106998108089
2024-11-09,2024-11-10,Winnellie,0,0.0376293996960545,0,6.897083333333334,9.371754626360495,0.0,0.3054311992853641,5.522083333333334,65.33636363636364,30.707272727272724,6.46,-0.1569853693996211,0.9350214188961968,0.0,61.0,48.0,30.0,1636.0,1775.0,16727.04,41.42280554881548
2024-11-10,2024-11-11,Stokes Hill,0,0.0425915261664505,0,10.713333333333331,8.918709989362162,0.0,0.3593707963920019,11.839166666666666,67.65125,30.62625,2.2916666666666665,0.1778469172935438,0.7211559001586657,0.0,20.0,72.0,58.0,1353.0,1503.0,13583.47,35.411057438424336
2024-11-10,2024-11-11,Winnellie,0,0.0608511727527119,0,8.553333333333333,8.368815665239739,0.0,0.4063472710063501,8.495416666666666,64.68333333333334,29.886666666666667,6.1933333333333325,0.2181893670540513,0.703886922775708,0.0,48.0,42.0,37.0,1375.0,1502.0,13574.58,29.876341522472483
2024-11-11,2024-11-12,Palmerston,0,0.05448484917092,0,10.009166666666667,11.48051687850418,0.0,0.4690886076528828,,67.3875,27.69541666666667,2.3466666666666667,0.1015358567491457,0.5914451893253291,5.0,18.0,10.0,100.0,1735.0,1868.0,15913.11,14.53746742144538
2024-11-11,2024-11-12,Stokes Hill,0,0.0304125544312361,0,8.552083333333334,9.223726448035832,0.0,0.328871756100058,8.71375,69.68666666666667,30.907916666666665,1.924583333333333,0.0006302200183884,0.6450196521675865,0.0,10.0,26.0,97.0,1504.0,1637.0,12856.76,26.15140321722467
2024-11-11,2024-11-12,Winnellie,0,0.0509387887757119,0,6.972727272727273,8.951490759582692,0.0,0.3747933459752224,6.897083333333334,65.77916666666667,30.39916666666667,5.895,0.1824277794882265,0.7403841899109532,1.0,21.0,9.0,90.0,1521.0,1642.0,12888.48,22.86068541027145
2024-11-12,2024-11-13,Palmerston,0,0.1055932119075398,0,10.91625,10.96011714278477,0.0,0.5235738534626725,12.417083333333332,65.70416666666667,28.234166666666667,2.79,0.1021503028372545,0.6339049146486395,4.0,5.0,37.0,52.0,1497.0,1595.0,16992.14,24.18776856330013
2024-11-12,2024-11-13,Stokes Hill,0,0.0394364538519666,0,8.667083333333332,8.03652269259995,0.0,0.3652655510653224,10.713333333333331,69.40625,31.276666666666667,2.6333333333333333,0.1376862813860499,0.6840828502804887,0.0,9.0,41.0,48.0,1280.0,1378.0,14116.58,30.4687392561174
2024-11-12,2024-11-13,Winnellie,0,0.0654720950919942,0,,,,,8.553333333333333,63.76666666666667,31.09625,7.904583333333334,0.3089916218571599,0.7975626984046836,0.0,9.0,37.0,50.0,1286.0,1382.0,14128.0,29.36645282355628
2024-11-13,2024-11-14,Palmerston,0,0.0500815355620574,0,9.2225,9.996924801321958,0.0,0.3331681707742232,10.009166666666667,67.89166666666667,27.664583333333336,2.4145833333333333,-0.1058139946310001,0.4182385543867661,0.0,3.0,1.0,0.0,599.0,603.0,5632.37,26.404275118771427
2024-11-13,2024-11-14,Stokes Hill,0,0.0227764998706553,0,9.8075,7.357765107410175,0.0,0.2635574070676932,8.552083333333334,69.58083333333333,30.95875,1.92125,-0.060940881069046,0.5682549504489466,0.0,3.0,1.0,0.0,510.0,514.0,5007.57,34.83011966667438
2024-11-14,2024-11-15,Palmerston,0,0.0351186947788818,0,9.745416666666667,10.109984049942351,0.0,0.2520775607047308,10.91625,77.45833333333333,26.15875,2.16625,-0.067267428397316,-0.2626417130569838,0.0,1.0,0.0,1.0,502.0,504.0,4121.46,40.12767147472395
2024-11-14,2024-11-15,Stokes Hill,0,0.0183378557994208,0,9.20625,8.536214162454817,0.0,0.1938555823198692,8.667083333333332,74.85625,30.02541666666667,1.47375,-0.1438089293150409,0.0102023952733268,0.0,0.0,1.0,1.0,487.0,489.0,4055.08,51.15798910345982
2024-11-14,2024-11-15,Winnellie,0,0.024305096508687,0,7.58590909090909,8.025568949995062,0.0,0.2436892384135303,,73.89583333333333,29.495416666666667,4.839583333333334,-0.3088550079444876,0.0237517165564788,0.0,0.0,1.0,1.0,488.0,490.0,4057.46,51.16764104986328
2024-11-15,2024-11-16,Palmerston,0,0.0335208498317035,0,8.116666666666667,9.339354173934112,0.0,0.1731343886549369,9.2225,68.125,27.11583333333333,2.736666666666667,0.0553717154012387,0.0873231016138669,0.0,0.0,0.0,1.0,286.0,287.0,3347.62,146.2691383420156
2024-11-15,2024-11-16,Stokes Hill,0,0.0210639599693046,0,8.334999999999999,8.055621400491033,0.0,0.1402123947129974,9.8075,70.85083333333334,30.45375,2.485,0.083597067725371,0.1588589405827637,0.0,0.0,0.0,1.0,280.0,281.0,3294.77,156.97391964888706
2024-11-15,2024-11-16,Winnellie,0,0.0314929853261781,0,5.5058333333333325,8.057641071249861,,,7.789166666666667,,,,,,0.0,0.0,0.0,1.0,278.0,279.0,3279.43,157.31689591935177
2024-11-16,2024-11-17,Palmerston,0,0.0312074597523566,0,6.230833333333333,8.93294578576561,0.0,0.2809419178270769,9.745416666666667,76.94166666666666,27.1725,2.4995833333333333,-0.1635945756217459,0.2512153396837035,1.0,0.0,0.0,4.0,461.0,466.0,5573.11,3.7216749255831054
2024-11-16,2024-11-17,Stokes Hill,0,0.0217390382691618,0,7.195833333333333,7.461276401321548,0.0,0.2614505872343,9.20625,73.78125,30.782083333333333,1.9029166666666668,-0.1223661908884856,0.5320635649637219,1.0,0.0,0.0,4.0,445.0,450.0,5519.2,10.599171797763704
2024-11-16,2024-11-17,Winnellie,0,0.0428497206550106,0,6.163333333333334,6.621736272774112,0.0,0.3790435325409271,7.58590909090909,,,,,,1.0,0.0,0.0,4.0,455.0,460.0,5567.02,11.595516718766367
2024-11-17,2024-11-18,Palmerston,0,0.0322685673854885,0,,,,,8.116666666666667,74.83333333333333,26.907916666666665,2.43875,0.2867565932116782,0.636536354228381,0.0,0.0,1.0,0.0,947.0,948.0,8622.14,55.901871490591645
2024-11-17,2024-11-18,Stokes Hill,0,0.0217285086278338,0,10.056666666666668,6.601866512070398,0.0,0.2321971380061323,8.334999999999999,75.10083333333334,30.26375,2.11375,0.311844180303655,0.6222514096069397,0.0,0.0,1.0,0.0,942.0,943.0,8542.21,67.13873882654674
2024-11-17,2024-11-18,Winnellie,0,0.0319997627761095,0,11.159583333333332,6.401210582082724,,,5.5058333333333325,,,,,,0.0,0.0,1.0,0.0,938.0,939.0,8521.88,66.8870596889662
2024-11-18,2024-11-19,Stokes Hill,0,0.0156413414266265,0,8.696666666666667,7.90138108929477,0.0,0.1552117217364081,7.195833333333333,76.1525,29.00333333333333,2.8241666666666667,0.4712602788734211,-0.2908579101547299,0.0,0.0,0.0,1.0,339.0,340.0,4295.87,122.79134042542252
2024-11-18,2024-11-19,Winnellie,0,0.0247159693082222,0,7.922916666666667,9.068838013244171,0.0,0.1649848139403566,6.460869565217391,75.73333333333333,28.285,6.5625,0.5106846856750167,-0.3208555710304773,0.0,0.0,0.0,1.0,339.0,340.0,4295.87,120.8350402248266
2024-11-19,2024-11-20,Stokes Hill,0,0.0096403765993633,0,7.988333333333333,7.744502023471091,0.0,0.0423573924331144,10.056666666666668,81.12916666666666,28.93541666666667,1.1566666666666667,0.2159847938592653,0.2155283056266345,0.0,0.0,0.0,0.0,187.0,187.0,3046.09,381.538450849265
2024-11-19,2024-11-20,Winnellie,0,0.0183725659851606,0,8.683333333333334,8.354305365806207,0.0,0.048321857454247,11.159583333333332,82.73333333333333,28.00791666666667,3.48,0.2891056946484703,0.3613703099220679,0.0,0.0,0.0,0.0,187.0,187.0,3046.09,387.7387733077093
2024-11-20,2024-11-21,Palmerston,0,0.0135841553863304,0,6.204166666666667,7.890042815558288,0.0,0.0925488381049573,,77.2375,25.78,1.8754166666666665,0.281676670435037,0.2217120589585048,0.0,0.0,0.0,0.0,285.0,285.0,2226.35,284.57014084644373
2024-11-20,2024-11-21,Stokes Hill,0,0.0108389302235749,0,5.925416666666667,6.729925259222439,,,8.696666666666667,76.99166666666666,29.405,1.632083333333333,0.1473296191077933,0.1108103922078703,0.0,0.0,0.0,0.0,283.0,283.0,2212.21,295.0367882598364
2024-11-20,2024-11-21,Winnellie,0,0.0201248588824261,0,5.760000000000001,7.945244553043785,0.0,0.0758567018057704,7.922916666666667,75.57777777777778,28.442777777777778,4.34,0.3863983295017266,-0.1170924187239178,0.0,0.0,0.0,0.0,281.0,281.0,2190.46,295.6257478439833
2024-11-21,2024-11-22,Palmerston,0,0.0152543022749088,0,6.261666666666667,6.859332005104035,0.0,0.132813880916485,7.6575,81.0,24.886666666666667,2.21375,0.2727307864734323,0.202043813708297,0.0,0.0,0.0,14.0,197.0,211.0,1371.56,147.25180271526537
2024-11-21,2024-11-22,Stokes Hill,0,0.0114603721119428,0,7.19875,5.431849896870255,,,8.681304347826087,81.10000000000001,28.394583333333333,1.5445833333333334,0.1835668347273705,0.2065077377683519,0.0,0.0,0.0,14.0,197.0,211.0,1371.56,145.06798932940077
2024-11-21,2024-11-22,Winnellie,0,0.0203792498367799,0,7.089583333333334,5.984591407584871,,,8.683333333333334,79.55238095238094,27.91809523809524,5.191904761904762,0.1159005728024131,0.1258967379490997,0.0,0.0,0.0,14.0,195.0,209.0,1346.74,151.15866239687372
2024-11-22,2024-11-23,Palmerston,0,0.014511113736125,0,5.253333333333333,6.18518748504415,0.0,0.1749133155622301,6.204166666666667,80.71666666666667,25.050416666666667,1.9725,0.203722335727463,-0.0807747739307236,0.0,0.0,2.0,7.0,298.0,307.0,3042.41,69.77670041116103
2024-11-22,2024-11-23,Stokes Hill,0,0.0150941553171663,0,5.923750000000001,5.86222799876032,0.0,0.1718096724557845,8.0555,78.92666666666666,28.85291666666667,1.5366666666666668,0.2473018948022857,-0.120448143720382,0.0,0.0,2.0,7.0,298.0,307.0,3042.41,71.40567487363384
2024-11-22,2024-11-23,Winnellie,0,0.0167303192235088,0,6.9383333333333335,6.16897671041496,,,6.536363636363637,82.35416666666667,27.42708333333333,3.6479166666666663,0.0946738681937305,-0.2029767695560153,0.0,0.0,2.0,7.0,298.0,307.0,3042.41,76.54063075028436
2024-11-23,2024-11-24,Palmerston,0,0.0134620449543555,0,4.37,6.039711863488342,0.0,0.1534671412889095,6.261666666666667,82.55833333333334,25.51125,1.5743478260869566,0.1796371819059737,0.3577781170219821,0.0,0.0,1.0,0.0,667.0,668.0,6045.0,89.8463044174406
2024-11-23,2024-11-24,Stokes Hill,0,0.0107061888222415,0,5.895833333333333,5.420425163467628,0.0,0.1397635181976275,7.19875,82.53416666666666,28.6875,0.99375,0.0844092692456742,0.3466056599071783,0.0,0.0,1.0,0.0,667.0,668.0,6045.0,98.83803133946826
2024-11-23,2024-11-24,Winnellie,0,0.0187147731202311,0,6.146666666666667,6.417908835434602,0.0,0.1588252161709553,7.5208695652173905,82.64166666666667,27.990416666666665,3.3141666666666665,0.1303593661164362,0.3744593921925592,0.0,0.0,0.0,1.0,667.0,668.0,6045.0,100.63907163389158
2024-11-24,2024-11-25,Palmerston,0,0.009702480593077,0,,,,,5.253333333333333,83.85416666666667,25.262916666666666,1.487083333333333,0.4897749208627684,-0.2868337336124301,0.0,0.0,0.0,0.0,235.0,235.0,1654.1,227.651558132781
2024-11-24,2024-11-25,Stokes Hill,0,0.0063491219113835,0,5.4175,5.14815355958263,0.0,0.0557656955989112,5.923750000000001,80.49583333333334,29.046666666666667,1.0416666666666667,-0.1739052162683406,-0.3350058576388949,0.0,0.0,0.0,0.0,235.0,235.0,1654.1,238.0403348473928
2024-11-24,2024-11-25,Winnellie,0,0.0110971920732791,0,5.425416666666667,6.308715590943567,0.0,0.0650663625883991,6.9383333333333335,82.31666666666666,28.241666666666664,2.8129166666666667,-0.2592905460437916,-0.0627337981978039,0.0,0.0,0.0,0.0,235.0,235.0,1654.1,232.8418023222514
2024-11-25,2024-11-26,Stokes Hill,0,0.0052737442333841,0,4.465,4.788266614229963,,,5.895833333333333,83.48083333333334,28.49,1.5295833333333333,0.5267412647962061,-0.0013681225194596,0.0,0.0,0.0,0.0,17.0,17.0,104.44,336.97625771813654
2024-11-25,2024-11-26,Winnellie,0,0.010737275307326,0,4.573333333333333,5.331561425080768,0.0,0.0497075454123291,6.146666666666667,81.09583333333333,28.11583333333333,4.20875,0.5018627999688925,0.0191677460954249,0.0,0.0,0.0,0.0,17.0,17.0,104.44,332.90547719286286
2024-11-26,2024-11-27,Stokes Hill,0,0.0046575924780486,0,5.601666666666667,4.2654716671904005,0.0,0.0369619160158408,5.713478260869565,84.58333333333333,28.157083333333333,1.4645833333333331,0.3457194145572448,0.1855547498904309,0.0,0.0,0.0,0.0,143.0,143.0,1676.83,333.8566410548968
2024-11-26,2024-11-27,Winnellie,0,0.0073802219652607,0,4.765416666666667,5.837567284052225,0.0,0.0416188823299329,5.425416666666667,84.55,27.44541666666667,4.321666666666666,0.2117379979949602,0.0804416633182705,0.0,0.0,0.0,0.0,143.0,143.0,1676.83,328.33739818515005
2024-11-27,2024-11-28,Palmerston,0,0.0067882297684815,0,4.469166666666667,3.518653625161461,,,,87.6375,24.89375,1.6375,0.5307917659299525,0.0030371131288744,0.0,0.0,0.0,0.0,2.0,2.0,4.6,423.1694248298351
2024-11-27,2024-11-28,Stokes Hill,0,0.0033845299883711,0,6.1875,4.428341121624621,0.0,0.0215642563259783,4.465,81.79833333333333,29.24791666666667,1.2733333333333332,0.3962064202561342,0.2513523621642353,0.0,0.0,0.0,0.0,2.0,2.0,4.6,435.2609519362093
2024-11-27,2024-11-28,Winnellie,0,0.010438015745845,0,7.327916666666667,5.879441003796149,,,4.573333333333333,,,,,,0.0,0.0,0.0,0.0,2.0,2.0,4.6,433.0458749902703
2024-11-28,2024-11-29,Palmerston,0,0.0036599169138655,0,3.4379166666666667,4.6149702364429,,,2.522,90.12916666666666,24.230416666666667,1.40625,0.629618853486046,0.1588298426034381,0.0,0.0,0.0,0.0,15.0,15.0,164.34,321.93615579642767
2024-11-28,2024-11-29,Stokes Hill,0,0.0041946279105473,0,5.339583333333334,5.132438848086144,,,5.601666666666667,87.35625,27.635,1.586666666666667,0.5363234283321987,0.1949274968291933,0.0,0.0,0.0,0.0,15.0,15.0,164.34,331.75322618164057
2024-11-28,2024-11-29,Winnellie,0,0.0137715984695861,0,6.72375,7.467365550414294,0.0,0.0596827085642083,4.985217391304348,,,,,,0.0,0.0,0.0,0.0,15.0,15.0,164.34,326.2441535628293
2024-11-29,2024-11-30,Palmerston,0,0.0068036609742358,0,2.07625,4.645654435149425,,,4.721304347826087,85.51666666666667,25.02083333333333,1.6858333333333333,0.6248346858025703,-0.0695242923013489,0.0,0.0,0.0,0.0,1.0,1.0,27.75,265.6034343051492
2024-11-29,2024-11-30,Stokes Hill,0,0.0060383422655379,0,4.154166666666667,4.746874916840431,,,6.504782608695652,84.69625,28.469166666666663,1.2291666666666667,0.3880070703235412,-0.2309114534767105,0.0,0.0,0.0,0.0,1.0,1.0,27.75,276.1015204678887
2024-11-29,2024-11-30,Winnellie,0,0.0216873849115386,0,2.8204166666666666,6.529851756929336,0.0,0.0860867319049306,7.327916666666667,,,,,,0.0,0.0,0.0,0.0,1.0,1.0,27.75,276.65854628120564
2024-11-30,2024-12-01,Palmerston,0,0.0052041686409975,0,3.938333333333333,3.6078093892851433,,,3.996666666666667,87.7375,25.043333333333333,1.515,0.5719183240927503,0.194665869711607,0.0,0.0,0.0,0.0,5.0,5.0,32.78,323.25785473924645
2024-11-30,2024-12-01,Stokes Hill,0,0.005002469926747,0,6.0320833333333335,3.50021313592434,,,5.583043478260869,83.5875,28.745,1.68875,0.6142881984502239,0.0787808824675608,0.0,0.0,0.0,0.0,5.0,5.0,32.78,331.9618931035573
2024-11-30,2024-12-01,Winnellie,0,0.0098250464818867,0,5.1120833333333335,3.825303505099361,,,6.72375,85.52727272727272,27.77318181818182,4.043636363636363,0.5815708726539114,0.2390739632880994,0.0,0.0,0.0,0.0,5.0,5.0,32.78,327.4922701880717
2024-12-01,2024-12-02,Palmerston,0,0.0028165902409057,0,2.115,4.022156310843993,,,2.9175,78.55833333333334,26.330416666666665,2.4454166666666666,0.0784566573743345,0.4121411322318447,0.0,0.0,0.0,0.0,1.0,1.0,2.48,410.4142603142407
2024-12-01,2024-12-02,Stokes Hill,0,0.0021019055058871,0,5.421250000000001,4.288649922442731,0.0,0.0172044667762806,4.3734782608695655,78.66666666666667,29.6325,2.0058333333333334,0.0998812513594838,0.4898546293861219,0.0,0.0,0.0,0.0,1.0,1.0,2.48,419.3177490935264
2024-12-01,2024-12-02,Winnellie,0,0.0035086473979116,0,4.506190476190476,4.465214185170467,0.0,0.0203764926165563,3.440952380952381,77.51666666666667,29.007500000000004,5.68,0.1012862542219886,0.4633416294017695,0.0,0.0,0.0,0.0,1.0,1.0,2.48,421.23778482485847
2024-12-02,2024-12-03,Palmerston,0,0.0045956040509092,0,2.532083333333333,3.2657659045722536,,,4.173478260869565,81.25833333333334,27.1725,2.302083333333333,-0.4687967255525119,0.3431680047761767,0.0,0.0,3.0,0.0,9.0,12.0,50.49,85.31401576557187
2024-12-02,2024-12-03,Stokes Hill,0,0.0038781415324593,0,5.12125,4.374447317655713,0.0,0.0672970763802601,6.0320833333333335,78.43666666666667,30.99625,1.5204166666666667,-0.5634374960718797,0.6857521355054518,0.0,0.0,3.0,0.0,9.0,12.0,50.49,97.20646847886238
2024-12-02,2024-12-03,Winnellie,0,0.006607348299565,0,5.87375,4.259836236913172,,,5.1120833333333335,75.54347826086956,30.523478260869563,6.263913043478261,-0.7019776759350683,0.5918378012728482,0.0,0.0,3.0,0.0,9.0,12.0,50.49,95.8139794809781
2024-12-03,2024-12-04,Palmerston,0,0.0026467080566354,0,2.5733333333333333,3.6401312776022663,,,3.0435,84.1375,25.772916666666664,2.522083333333333,-0.1663478032912387,0.1526531128550987,0.0,0.0,0.0,0.0,106.0,106.0,752.34,305.958188408076
2024-12-03,2024-12-04,Stokes Hill,0,0.0021093109380141,0,4.070833333333334,4.054943561677117,0.0,0.025786226968558,5.421250000000001,81.89958333333333,29.129583333333333,1.5479166666666666,-0.2335995231208827,0.5312920049844146,0.0,0.0,0.0,0.0,99.0,99.0,528.8,316.8570884503928
2024-12-03,2024-12-04,Winnellie,0,0.0042882263543067,0,4.01875,5.199811827670278,0.0,0.0286141084940648,5.430555555555555,80.75238095238095,28.25238095238095,6.42,-0.3109838131959415,0.3600204875834368,0.0,0.0,0.0,0.0,99.0,99.0,528.8,316.9749594948486
2024-12-04,2024-12-05,Palmerston,0,0.0050231023684922,0,1.3275,3.5162496063686346,,,2.6565217391304348,78.55833333333334,26.687916666666663,2.3541666666666665,-0.196545446493909,-0.2189783270118721,0.0,0.0,3.0,1.0,57.0,61.0,192.77,82.36212437072312
2024-12-04,2024-12-05,Stokes Hill,0,0.0043361270031301,0,4.1475,3.357563480415952,,,5.12125,77.82458333333334,30.207083333333333,1.7325,-0.2143832217858018,-0.1987099825117158,0.0,0.0,3.0,1.0,12.0,16.0,91.31,93.97617051757796
2024-12-04,2024-12-05,Winnellie,0,0.0085319983159837,0,5.09,4.424071821204612,,,5.87375,77.11666666666666,29.44125,5.6570833333333335,-0.4302928729944874,-0.3761999008882865,0.0,0.0,3.0,1.0,12.0,16.0,91.31,89.96646937089075
2024-12-05,2024-12-06,Palmerston,0,0.0027949953223565,0,1.78625,2.980304283522617,,,2.953181818181818,80.96666666666667,26.169583333333332,1.9545833333333336,-0.1108426892613851,0.2308772474488916,0.0,0.0,0.0,0.0,99.0,99.0,745.84,340.07031393161054
2024-12-05,2024-12-06,Stokes Hill,0,0.0024058469444823,0,4.035833333333334,3.33665331502264,,,4.374782608695653,77.77791666666667,29.937083333333334,1.6833333333333331,-0.0609469185165726,0.4062237580286936,0.0,0.0,0.0,0.0,98.0,98.0,744.93,342.5882268205254
2024-12-05,2024-12-06,Winnellie,0,0.0046763449278199,0,4.66,4.952419817673304,0.0,0.0291604241392736,4.211304347826087,76.54166666666667,29.44458333333333,4.529583333333334,0.0027594641970984,0.4879355848602987,0.0,0.0,0.0,0.0,98.0,98.0,744.93,347.6194804863513
2024-12-06,2024-12-07,Palmerston,0,0.0027950305310026,0,0.95,2.8607753624926096,,,2.008947368421053,85.34166666666665,25.0675,2.0829166666666667,0.7974476166629755,0.2753554601611925,0.0,0.0,0.0,0.0,13.0,13.0,83.08,370.4172086006408
2024-12-06,2024-12-07,Stokes Hill,0,0.0024409059715172,0,2.3820833333333336,2.994937065841582,0.0,0.0228999524698522,4.572727272727272,84.74249999999999,28.402916666666663,2.35,0.6943919534070618,0.1982460892427081,0.0,0.0,0.0,0.0,13.0,13.0,83.08,378.2013734594727
2024-12-06,2024-12-07,Winnellie,0,0.0055698282671566,0,1.99,4.631718453989625,,,5.09,81.7625,28.085,6.7562500000000005,0.794346732417761,0.2588480925219917,0.0,0.0,0.0,0.0,13.0,13.0,83.08,380.8645684951164
2024-12-07,2024-12-08,Stokes Hill,0,0.0021307240295512,0,2.1095833333333336,1.9728206520236693,,,4.035833333333334,88.29,27.58791666666667,2.11125,0.8304419599322349,0.3366175583766668,0.0,0.0,0.0,0.0,48.0,48.0,202.31,356.6851612202683
2024-12-08,2024-12-09,Palmerston,0,0.0068863777283941,0,0.8975,3.105297066843554,,,,82.78750000000001,25.25208333333333,2.212916666666666,0.7748877151162108,0.255359008273927,0.0,0.0,0.0,0.0,27.0,27.0,95.58,341.34792190451134
2024-12-08,2024-12-09,Stokes Hill,0,0.0025864110324741,0,3.69375,1.9927459804496264,,,4.264444444444445,83.40208333333334,28.273333333333337,2.924583333333333,0.7825289061054064,0.2411469173677867,0.0,0.0,0.0,0.0,27.0,27.0,95.58,351.77524962271417
2024-12-08,2024-12-09,Winnellie,0,0.0079146144886537,0,3.1420833333333333,3.688737880045079,,,,82.44166666666666,27.675,7.2075,0.794254399739612,0.1895464499262115,0.0,0.0,0.0,0.0,27.0,27.0,95.58,352.4038180082373
2024-12-09,2024-12-10,Palmerston,0,0.003703618631388,0,2.0058333333333334,2.7529358004665205,,,1.620952380952381,79.69166666666666,25.8475,2.1375,0.8741179142697769,0.3507607256616392,0.0,0.0,0.0,0.0,51.0,51.0,422.9,300.6472218797167
2024-12-09,2024-12-10,Stokes Hill,0,0.0028190026140786,0,3.8726086956521737,2.891633343389329,0.0,0.0344372387221246,2.7586363636363638,80.30541666666666,28.96166666666667,3.293333333333333,0.9290672735534106,0.2380066845998441,0.0,0.0,0.0,0.0,51.0,51.0,422.9,309.12813396185
2024-12-09,2024-12-10,Winnellie,0,0.0063642797417513,0,3.4762500000000003,4.305473972502673,,,2.7495454545454545,,,,,,0.0,0.0,0.0,0.0,51.0,51.0,422.9,311.337697715436
2024-12-10,2024-12-11,Palmerston,0,0.0027426137417728,0,1.0891666666666666,3.3447403773068807,,,1.3105263157894735,81.95416666666667,26.197916666666668,2.1875,0.6903744586388764,0.4290355607050188,0.0,0.0,0.0,0.0,34.0,34.0,231.25,310.34563042194475
2024-12-10,2024-12-11,Stokes Hill,0,0.002466601707203,0,2.6641666666666666,3.3389767099990992,,,3.69375,83.2175,29.12333333333333,2.770833333333333,0.6658522688006266,0.5535571625472027,0.0,0.0,0.0,0.0,34.0,34.0,231.25,318.7568696767979
2024-12-10,2024-12-11,Winnellie,0,0.0070710135041452,0,3.6520833333333336,4.434876059199016,,,3.7747619047619048,,,,,,0.0,0.0,0.0,0.0,34.0,34.0,231.25,321.0141236458402
2024-12-11,2024-12-12,Palmerston,0,0.006157226421225,0,2.7445833333333334,2.400351751884095,,,2.367142857142857,76.89999999999999,27.42375,2.3745833333333333,0.0632167708369767,0.723426200686268,1.0,0.0,0.0,0.0,26.0,27.0,152.54,16.801686393716757
2024-12-11,2024-12-12,Stokes Hill,0,0.0046069654148051,0,4.3725,2.3379118567027914,,,4.438095238095238,77.79541666666667,30.61208333333333,1.9391666666666667,-0.0897845029261382,0.8645897387293994,0.0,1.0,0.0,0.0,26.0,27.0,152.54,28.863071836198365
2024-12-11,2024-12-12,Winnellie,0,0.0147561290009354,0,6.009166666666666,3.755639897006684,0.0,0.1897932480028704,4.154761904761905,,,,,,0.0,1.0,0.0,0.0,26.0,27.0,152.54,26.31890454888261
2024-12-12,2024-12-13,Palmerston,0,0.0015061650459213,0,2.76375,3.441631959111437,,,1.6631578947368422,83.23333333333333,26.462083333333336,2.18,-0.2634860435420062,0.1621063016764998,0.0,0.0,0.0,0.0,16.0,16.0,71.03999999999999,475.35490930162905
2024-12-12,2024-12-13,Stokes Hill,0,0.0012796081031047,0,4.247083333333333,2.8980392361175875,,,2.8482608695652174,78.01708333333333,30.22375,1.63375,-0.3928446920423312,0.2550466141388705,0.0,0.0,0.0,0.0,16.0,16.0,71.03999999999999,473.8634887976252
2024-12-12,2024-12-13,Winnellie,0,0.0026588575080629,0,4.407916666666667,4.964509245119429,0.0,0.0115501542857744,3.6520833333333336,77.0578947368421,29.565263157894737,5.456315789473685,-0.4987539836799822,0.1290846646335683,0.0,0.0,0.0,0.0,16.0,16.0,71.03999999999999,479.8896514612167
2024-12-13,2024-12-14,Palmerston,0,0.0027244589634778,0,3.18625,3.289588329564181,,,2.9269565217391302,83.80416666666666,25.870833333333334,2.04,0.0255944665071485,0.2094944010293723,0.0,0.0,0.0,0.0,6.0,6.0,20.72,314.01404600319285
2024-12-13,2024-12-14,Stokes Hill,0,0.0026162677950548,0,4.35125,3.0544439638875707,,,5.63,82.23916666666666,29.44375,1.0579166666666666,0.0586918093880559,0.150092221516698,0.0,0.0,0.0,0.0,6.0,6.0,20.72,321.68036411903034
2024-12-13,2024-12-14,Winnellie,0,0.0047433527683072,0,3.9779166666666654,4.0438160651262445,,,6.009166666666666,81.68333333333334,28.559166666666663,4.06625,-0.3169326335845586,-0.2048309052452686,0.0,0.0,0.0,0.0,6.0,6.0,20.72,324.4101055002856
2024-12-14,2024-12-15,Palmerston,0,0.0030551373380255,0,2.008636363636364,3.4034962345068704,0.0,0.0546210131071636,3.1018181818181816,84.89583333333333,26.18208333333333,2.9645833333333336,-0.7701012242237306,-0.0907518581374949,0.0,0.0,1.0,5.0,12.0,18.0,93.52,99.24384738819133
2024-12-14,2024-12-15,Stokes Hill,0,0.0026422382400505,0,4.279166666666667,3.3042442798132443,,,4.706818181818182,83.87583333333333,29.070833333333336,0.9658333333333332,-0.5459324961636245,0.2705651589505756,0.0,0.0,0.0,6.0,12.0,18.0,93.52,111.35787648158195
2024-12-14,2024-12-15,Winnellie,0,0.0047059294769185,0,2.52,4.013288500845091,,,4.837727272727273,82.38333333333334,28.67958333333333,6.565,-0.7950857249117141,-0.0131537147714692,0.0,0.0,0.0,6.0,12.0,18.0,93.52,108.58052411843964
2024-12-15,2024-12-16,Palmerston,0,0.0035811381754277,0,2.475416666666667,3.108457711884137,,,3.18625,78.32916666666667,27.464166666666667,3.5620833333333333,-0.8457286007813352,-0.3189717248869971,0.0,0.0,0.0,44.0,6.0,50.0,310.46,110.50066108153828
2024-12-15,2024-12-16,Stokes Hill,0,0.0032322017609347,0,5.227142857142857,3.163721287398688,0.0,0.0531426112605865,4.5691304347826085,76.72583333333334,31.19458333333333,0.9179166666666668,-0.6632381405546025,-0.0335647388502834,0.0,0.0,0.0,44.0,6.0,50.0,310.46,122.6187724352554
2024-12-15,2024-12-16,Winnellie,0,0.0053108917451208,0,4.642272727272727,2.9570538075802366,,,4.198695652173913,75.03478260869565,30.4704347826087,8.57391304347826,-0.940371392794646,-0.1232035494304831,0.0,0.0,0.0,43.0,7.0,50.0,310.46,119.87317117868828
2024-12-16,2024-12-17,Palmerston,0,0.0039371755173744,0,2.049166666666667,2.9595218673998227,,,2.481578947368421,78.30833333333334,28.37375,4.4775,-0.8736654777495843,-0.1524750246212809,0.0,3.0,0.0,1.0,2.0,6.0,48.2,37.02027923623635
2024-12-16,2024-12-17,Stokes Hill,0,0.0035993141498529,0,5.630416666666666,3.4628393025846425,,,4.279166666666667,76.2475,32.16875,0.7508333333333334,-0.7661240113236633,0.0733370001547291,0.0,3.0,0.0,1.0,2.0,6.0,48.2,49.03389618887743
2024-12-16,2024-12-17,Winnellie,0,0.0050512304731211,0,4.992500000000001,3.680705545507737,,,2.919047619047619,74.67083333333333,31.379583333333333,9.364583333333334,-0.9769386326783392,-0.0475538623266217,0.0,3.0,0.0,1.0,2.0,6.0,48.2,46.00371711006067
2024-12-17,2024-12-18,Palmerston,0,0.0024145988717367,0,1.7141666666666666,3.329515578510354,,,3.112,80.05,27.66333333333333,4.70625,-0.8922869810061314,0.0678152352273922,0.0,0.0,0.0,0.0,70.0,70.0,523.15,266.7579610774982
2024-12-17,2024-12-18,Stokes Hill,0,0.0024666407758554,0,5.600833333333334,3.955885295699974,0.0,0.0262188499711742,5.6555,79.91260869565217,31.06478260869565,0.9120833333333334,-0.6585625277898571,0.1468093547753217,0.0,0.0,0.0,0.0,70.0,70.0,523.15,277.5506503314383
2024-12-17,2024-12-18,Winnellie,0,0.0037500765241431,0,6.012083333333333,5.028888268594179,,,4.9747619047619045,78.10000000000001,30.531666666666663,9.659166666666666,-0.8816815881448221,0.0024317306149445,0.0,0.0,0.0,0.0,70.0,70.0,523.15,277.79185351710805
2024-12-18,2024-12-19,Palmerston,0,0.0047649019064668,0,1.2554166666666666,3.2680133372187576,,,2.8465,78.99166666666666,25.960416666666664,3.1183333333333336,-0.538835852890681,-0.3565005927741498,0.0,8.0,1.0,0.0,51.0,60.0,865.06,31.031682740748128
2024-12-18,2024-12-19,Stokes Hill,0,0.0045946365603305,0,5.210833333333333,4.352286731152053,0.0,0.0879269711027128,5.630416666666666,78.21416666666666,29.3475,1.6695833333333334,-0.5312203314878273,-0.5897832547391412,0.0,8.0,0.0,1.0,51.0,60.0,865.06,34.023215156728206
2024-12-18,2024-12-19,Winnellie,0,0.0082434499121,0,5.043333333333333,5.567729926955435,0.0,0.0999764343893753,5.472272727272728,76.80416666666666,28.720416666666665,7.829166666666667,-0.6503863166296157,-0.3043953864411902,0.0,8.0,1.0,0.0,51.0,60.0,865.06,38.457937257308366
2024-12-19,2024-12-20,Stokes Hill,0,0.002742113933156,0,4.409583333333333,4.248194198887191,0.0,0.0188411122955828,5.600833333333334,76.55708333333332,29.124583333333334,1.4333333333333331,-0.2913725024981233,-0.5329129028605403,0.0,0.0,0.0,0.0,125.0,125.0,1193.92,386.1555617197874
2024-12-19,2024-12-20,Winnellie,0,0.005411201144294,0,3.466666666666667,5.979216995884231,,,6.012083333333333,76.28333333333333,28.58791666666667,5.199583333333333,-0.3593954153128257,-0.6060951425628025,0.0,0.0,0.0,0.0,125.0,125.0,1193.92,388.20947706263246
2024-12-20,2024-12-21,Palmerston,0,0.0058300096951397,0,3.0029166666666662,3.5834135842181416,,,,78.64166666666667,26.432916666666667,2.458636363636364,-0.2577807130988164,0.1708786508576145,0.0,0.0,0.0,0.0,111.0,111.0,1260.59,291.02840273006143
2024-12-20,2024-12-21,Stokes Hill,0,0.0030463882363225,0,5.224166666666666,3.95393873890544,0.0,0.0293601297547069,5.210833333333333,75.69291666666668,30.45458333333333,1.545,-0.2900375242587154,0.3643501463408736,0.0,0.0,0.0,0.0,111.0,111.0,1260.59,299.74102175686545
2024-12-20,2024-12-21,Winnellie,0,0.0101643505946183,0,4.58875,4.617574917492576,,,5.043333333333333,,,,,,0.0,0.0,0.0,0.0,111.0,111.0,1260.59,301.79031691161714
2024-12-21,2024-12-22,Palmerston,0,0.0031896379190254,0,2.5458333333333334,3.804507818653146,,,2.49,74.09166666666667,26.61083333333333,2.895217391304348,-0.1371856947794539,0.1736193035510955,0.0,0.0,0.0,0.0,70.0,70.0,745.5,343.9402985609353
2024-12-21,2024-12-22,Stokes Hill,0,0.0029087607945572,0,4.852916666666666,3.777485871738519,,,4.409583333333333,74.3075,30.105,2.091666666666667,0.0365557268315276,0.2865063938609911,0.0,0.0,0.0,0.0,70.0,70.0,745.5,351.9795176285336
2024-12-21,2024-12-22,Winnellie,0,0.0070772415950406,0,4.210833333333333,3.9230593807369294,0.0,0.0399866379231734,3.650434782608696,,,,,,0.0,0.0,0.0,0.0,69.0,69.0,733.87,354.4817913217607
2024-12-22,2024-12-23,Palmerston,0,0.0025722706595341,0,2.40875,3.742823065128849,,,3.5377272727272726,79.6125,26.61958333333333,2.8041666666666667,-0.4724682964510607,0.0206307804155398,0.0,0.0,0.0,0.0,131.0,131.0,1362.19,347.7278364161266
2024-12-22,2024-12-23,Stokes Hill,0,0.0022434720113871,0,5.2387500000000005,3.9418755182500247,0.0,0.0192314830061978,5.465652173913044,78.92,30.115,1.2858333333333334,-0.5522986457172889,0.2883315034845735,0.0,0.0,0.0,0.0,131.0,131.0,1362.19,355.9573405434849
2024-12-22,2024-12-23,Winnellie,0,0.0033520170651495,0,2.8675,4.242537567839858,,,4.58875,76.61666666666666,29.70125,5.610833333333333,-0.8411093855815001,0.2811156481248791,0.0,0.0,0.0,0.0,131.0,131.0,1362.19,358.33756059364094
2024-12-23,2024-12-24,Palmerston,0,0.0029966605378253,0,1.5179166666666666,3.610171041255388,,,3.1075,82.73333333333333,25.580416666666665,1.6378260869565218,0.0866986368479324,-0.0008003049423822,0.0,0.0,0.0,0.0,39.0,39.0,399.7,351.24065147157245
2024-12-23,2024-12-24,Stokes Hill,0,0.0024903814942003,0,4.681666666666667,4.542314345365148,0.0,0.022816926631645,4.852916666666666,81.40833333333333,29.1925,1.3745833333333335,0.055710877926156,0.1184268377358027,0.0,0.0,0.0,0.0,39.0,39.0,399.7,360.3493995083521
2024-12-23,2024-12-24,Winnellie,0,0.0040697282938276,0,4.3775,3.755332526750928,,,4.450434782608696,80.45,28.460833333333337,4.222083333333333,-0.1024853292525201,0.1353661053447855,0.0,0.0,0.0,0.0,39.0,39.0,399.7,362.1152251567568
2024-12-24,2024-12-25,Palmerston,0,0.0028761059693871,0,3.0841666666666665,3.0328973792173297,,,2.893809523809524,77.75833333333334,25.96,2.397083333333333,0.2330757297897714,0.0406036912722252,0.0,0.0,0.0,0.0,4.0,4.0,47.67,456.9047377397481
2024-12-24,2024-12-25,Stokes Hill,0,0.0027549498257252,0,6.397916666666667,4.054889208547342,,,5.2387500000000005,77.39416666666666,29.5175,1.9641666666666664,0.1072155882505376,0.0274970207652609,0.0,0.0,0.0,0.0,7.0,7.0,63.19,452.49604462781343
2024-12-24,2024-12-25,Winnellie,0,0.0038957409860322,0,4.841666666666667,4.952851231952546,0.0,0.0173125827104491,3.4114285714285715,75.7625,28.83875,6.059583333333333,0.1702514527381686,-0.0015685828330594,0.0,0.0,0.0,0.0,4.0,4.0,47.67,458.8342628638404
2024-12-25,2024-12-26,Palmerston,0,0.0021860104227557,0,4.60375,3.677168154073219,,,2.136,84.71249999999999,24.79416666666667,2.026666666666667,-0.0906121992110843,0.3161015904716334,0.0,0.0,0.0,0.0,28.0,28.0,154.09,355.5045220480525
2024-12-25,2024-12-26,Stokes Hill,0,0.0024998223233383,0,6.853333333333333,4.989919254656585,0.0,0.0234106938070954,5.239545454545454,82.66541666666667,28.224166666666665,2.012916666666667,-0.0684766231158692,0.3909759863166422,0.0,0.0,0.0,0.0,28.0,28.0,154.09,365.9568535653056
2024-12-25,2024-12-26,Winnellie,0,0.00763800820619,0,6.12625,4.621146990380879,,,4.3775,,,,,,0.0,0.0,0.0,0.0,28.0,28.0,154.09,366.5601482065363
2024-12-26,2024-12-27,Palmerston,0,0.0030897755728669,0,3.675,4.553490492200754,0.0,0.035022818508052,3.2482608695652173,82.90416666666667,26.316666666666663,2.2654166666666664,-0.506602164257779,0.0397033664140401,0.0,0.0,0.0,0.0,21.0,21.0,172.48,233.87240196102957
2024-12-26,2024-12-27,Stokes Hill,0,0.0036262909270479,0,7.023333333333333,5.614844214971024,0.0,0.0401332686188014,6.397916666666667,79.55958333333334,30.180000000000003,1.1858333333333333,-0.477209653206346,0.6520756783415708,0.0,0.0,0.0,0.0,21.0,21.0,172.48,244.1416393826088
2024-12-26,2024-12-27,Winnellie,0,0.0050054352926457,0,4.996666666666667,5.431551213575375,0.0,0.0359855733644382,5.097391304347826,76.87727272727273,29.697727272727278,4.93,-0.8695682056927345,0.0858125167161373,0.0,0.0,0.0,0.0,21.0,21.0,172.48,244.9247184628934
2024-12-27,2024-12-28,Palmerston,0,0.0032438762248293,0,,,0.0,0.0234227382496076,4.60375,83.86666666666666,25.74833333333333,1.6104166666666666,0.0725283550408252,0.1020748171411344,0.0,0.0,0.0,0.0,28.0,28.0,323.64,374.2389069146442
2024-12-27,2024-12-28,Stokes Hill,0,0.0038676287650717,0,5.688333333333333,5.846082895395016,0.0,0.0258374267933456,6.853333333333333,78.88125000000001,29.870833333333334,1.2758333333333334,0.0503055587571183,0.0527571630271236,0.0,0.0,0.0,0.0,28.0,28.0,323.64,383.0274109148213
2024-12-27,2024-12-28,Winnellie,0,0.0053657513931649,0,4.338333333333334,5.901872151083669,0.0,0.0259263855507885,6.12625,82.07083333333334,28.680000000000003,3.465,0.0803638994297585,-0.0151742256773079,0.0,0.0,0.0,0.0,28.0,28.0,323.64,385.02855135099816
2024-12-28,2024-12-29,Stokes Hill,0,0.0043525489216454,0,4.593333333333333,5.292418729870732,0.0,0.0286873693130276,7.023333333333333,79.02499999999999,29.85125,1.4145833333333335,0.3471570776066928,0.2381439269302867,0.0,0.0,0.0,0.0,24.0,24.0,221.8,382.315514227142
2024-12-28,2024-12-29,Winnellie,0,0.0082818323121566,0,2.74875,5.272626878065592,0.0,0.0375149788303401,4.996666666666667,,,,,,0.0,0.0,0.0,0.0,24.0,24.0,221.8,384.33881472048193
2024-12-29,2024-12-30,Stokes Hill,0,0.0071669466460794,0,5.5495833333333335,4.417193441166751,0.0,0.1019658492136793,5.688333333333333,75.87166666666667,30.269583333333333,1.893333333333333,0.5473233608674016,0.575633139840212,0.0,0.0,0.0,1.0,26.0,27.0,133.07999999999998,140.51292148799547
2024-12-29,2024-12-30,Winnellie,0,0.0122238389411917,0,1.8170833333333327,3.745021664342436,,,4.338333333333334,,,,,,0.0,0.0,0.0,1.0,26.0,27.0,133.07999999999998,135.51842632807111
2024-12-30,2024-12-31,Stokes Hill,0,0.005890188608361,0,,,,,4.593333333333333,72.57791666666667,31.35125,1.7845833333333332,0.2584571475881952,0.6683781492167626,0.0,0.0,0.0,1.0,28.0,29.0,194.54,157.83729580859057
2024-12-30,2024-12-31,Winnellie,0,0.007711540235333,0,,,,,3.007727272727273,74.77083333333333,30.711250000000003,5.379583333333334,0.4229411520613245,0.6753101385277748,0.0,0.0,0.0,1.0,28.0,29.0,194.54,160.6453436521674
